ID_evenement,Systeme,Categorie,Date,ct,TAN.app,app.rate,app.mthd,man.dm,man.ph,man.source,air.temp,wind.2m,rain.rate,rain.cum,incorp,t.incorp
96,CTR,Digestat liquide,2025-04-02,1,54.472,30,bsth,7.4,8.1,cattle,14.3,8,0.0,0.0,none,
96,CTR,Digestat liquide,2025-04-02,2,54.472,30,bsth,7.4,8.1,cattle,15.4,8,0.0,0.0,none,
96,CTR,Digestat liquide,2025-04-02,3,54.472,30,bsth,7.4,8.1,cattle,16.2,8,0.0,0.0,none,
96,CTR,Digestat liquide,2025-04-02,4,54.472,30,bsth,7.4,8.1,cattle,16.3,7,0.0,0.0,none,
96,CTR,Digestat liquide,2025-04-02,5,54.472,30,bsth,7.4,8.1,cattle,16.4,8,0.0,0.0,none,
96,CTR,Digestat liquide,2025-04-02,6,54.472,30,bsth,7.4,8.1,cattle,16.1,9,0.0,0.0,none,
96,CTR,Digestat liquide,2025-04-02,7,54.472,30,bsth,7.4,8.1,cattle,14.7,6,0.0,0.0,none,
96,CTR,Digestat liquide,2025-04-02,8,54.472,30,bsth,7.4,8.1,cattle,11.6,4,0.0,0.0,none,
96,CTR,Digestat liquide,2025-04-02,9,54.472,30,bsth,7.4,8.1,cattle,12.2,2,0.0,0.0,none,
96,CTR,Digestat liquide,2025-04-02,10,54.472,30,bsth,7.4,8.1,cattle,11.3,2,0.0,0.0,none,
96,CTR,Digestat liquide,2025-04-02,11,54.472,30,bsth,7.4,8.1,cattle,10.8,2,0.0,0.0,none,
96,CTR,Digestat liquide,2025-04-02,12,54.472,30,bsth,7.4,8.1,cattle,9.2,3,0.0,0.0,none,
96,CTR,Digestat liquide,2025-04-02,13,54.472,30,bsth,7.4,8.1,cattle,9.0,2,0.0,0.0,none,
96,CTR,Digestat liquide,2025-04-02,14,54.472,30,bsth,7.4,8.1,cattle,8.3,3,0.0,0.0,none,
96,CTR,Digestat liquide,2025-04-02,15,54.472,30,bsth,7.4,8.1,cattle,7.6,3,0.0,0.0,none,
96,CTR,Digestat liquide,2025-04-02,16,54.472,30,bsth,7.4,8.1,cattle,8.8,3,0.0,0.0,none,
96,CTR,Digestat liquide,2025-04-02,17,54.472,30,bsth,7.4,8.1,cattle,7.6,3,0.0,0.0,none,
96,CTR,Digestat liquide,2025-04-02,18,54.472,30,bsth,7.4,8.1,cattle,7.5,2,0.0,0.0,none,
96,CTR,Digestat liquide,2025-04-02,19,54.472,30,bsth,7.4,8.1,cattle,7.8,3,0.0,0.0,none,
96,CTR,Digestat liquide,2025-04-02,20,54.472,30,bsth,7.4,8.1,cattle,10.7,4,0.0,0.0,none,
96,CTR,Digestat liquide,2025-04-02,21,54.472,30,bsth,7.4,8.1,cattle,14.2,5,0.0,0.0,none,
96,CTR,Digestat liquide,2025-04-02,22,54.472,30,bsth,7.4,8.1,cattle,15.6,7,0.0,0.0,none,
96,CTR,Digestat liquide,2025-04-02,23,54.472,30,bsth,7.4,8.1,cattle,16.9,8,0.0,0.0,none,
96,CTR,Digestat liquide,2025-04-02,24,54.472,30,bsth,7.4,8.1,cattle,17.9,9,0.0,0.0,none,
96,CTR,Digestat liquide,2025-04-02,25,54.472,30,bsth,7.4,8.1,cattle,18.9,11,0.0,0.0,none,
96,CTR,Digestat liquide,2025-04-02,26,54.472,30,bsth,7.4,8.1,cattle,19.4,10,0.0,0.0,none,
96,CTR,Digestat liquide,2025-04-02,27,54.472,30,bsth,7.4,8.1,cattle,19.8,8,0.0,0.0,none,
96,CTR,Digestat liquide,2025-04-02,28,54.472,30,bsth,7.4,8.1,cattle,20.9,8,0.0,0.0,none,
96,CTR,Digestat liquide,2025-04-02,29,54.472,30,bsth,7.4,8.1,cattle,20.7,6,0.0,0.0,none,
96,CTR,Digestat liquide,2025-04-02,30,54.472,30,bsth,7.4,8.1,cattle,19.8,6,0.0,0.0,none,
96,CTR,Digestat liquide,2025-04-02,31,54.472,30,bsth,7.4,8.1,cattle,18.1,5,0.0,0.0,none,
96,CTR,Digestat liquide,2025-04-02,32,54.472,30,bsth,7.4,8.1,cattle,16.1,2,0.0,0.0,none,
96,CTR,Digestat liquide,2025-04-02,33,54.472,30,bsth,7.4,8.1,cattle,14.6,2,0.0,0.0,none,
96,CTR,Digestat liquide,2025-04-02,34,54.472,30,bsth,7.4,8.1,cattle,14.5,2,0.0,0.0,none,
96,CTR,Digestat liquide,2025-04-02,35,54.472,30,bsth,7.4,8.1,cattle,13.2,2,0.0,0.0,none,
96,CTR,Digestat liquide,2025-04-02,36,54.472,30,bsth,7.4,8.1,cattle,12.3,2,0.0,0.0,none,
96,CTR,Digestat liquide,2025-04-02,37,54.472,30,bsth,7.4,8.1,cattle,11.5,2,0.0,0.0,none,
96,CTR,Digestat liquide,2025-04-02,38,54.472,30,bsth,7.4,8.1,cattle,11.4,3,0.0,0.0,none,
96,CTR,Digestat liquide,2025-04-02,39,54.472,30,bsth,7.4,8.1,cattle,10.8,2,0.0,0.0,none,
96,CTR,Digestat liquide,2025-04-02,40,54.472,30,bsth,7.4,8.1,cattle,10.1,2,0.0,0.0,none,
96,CTR,Digestat liquide,2025-04-02,41,54.472,30,bsth,7.4,8.1,cattle,11.1,2,0.0,0.0,none,
96,CTR,Digestat liquide,2025-04-02,42,54.472,30,bsth,7.4,8.1,cattle,11.0,2,0.0,0.0,none,
96,CTR,Digestat liquide,2025-04-02,43,54.472,30,bsth,7.4,8.1,cattle,11.7,3,0.0,0.0,none,
96,CTR,Digestat liquide,2025-04-02,44,54.472,30,bsth,7.4,8.1,cattle,11.9,4,0.0,0.0,none,
96,CTR,Digestat liquide,2025-04-02,45,54.472,30,bsth,7.4,8.1,cattle,14.9,4,0.0,0.0,none,
96,CTR,Digestat liquide,2025-04-02,46,54.472,30,bsth,7.4,8.1,cattle,17.2,4,0.0,0.0,none,
96,CTR,Digestat liquide,2025-04-02,47,54.472,30,bsth,7.4,8.1,cattle,19.1,6,0.0,0.0,none,
96,CTR,Digestat liquide,2025-04-02,48,54.472,30,bsth,7.4,8.1,cattle,20.6,6,0.0,0.0,none,
96,CTR,Digestat liquide,2025-04-02,49,54.472,30,bsth,7.4,8.1,cattle,22.0,8,0.0,0.0,none,
96,CTR,Digestat liquide,2025-04-02,50,54.472,30,bsth,7.4,8.1,cattle,22.6,8,0.0,0.0,none,
96,CTR,Digestat liquide,2025-04-02,51,54.472,30,bsth,7.4,8.1,cattle,21.9,8,0.0,0.0,none,
96,CTR,Digestat liquide,2025-04-02,52,54.472,30,bsth,7.4,8.1,cattle,22.2,7,0.0,0.0,none,
96,CTR,Digestat liquide,2025-04-02,53,54.472,30,bsth,7.4,8.1,cattle,21.1,8,0.0,0.0,none,
96,CTR,Digestat liquide,2025-04-02,54,54.472,30,bsth,7.4,8.1,cattle,20.4,6,0.0,0.0,none,
96,CTR,Digestat liquide,2025-04-02,55,54.472,30,bsth,7.4,8.1,cattle,17.2,4,0.0,0.0,none,
96,CTR,Digestat liquide,2025-04-02,56,54.472,30,bsth,7.4,8.1,cattle,15.2,2,0.0,0.0,none,
96,CTR,Digestat liquide,2025-04-02,57,54.472,30,bsth,7.4,8.1,cattle,14.9,2,0.0,0.0,none,
96,CTR,Digestat liquide,2025-04-02,58,54.472,30,bsth,7.4,8.1,cattle,15.7,2,0.0,0.0,none,
96,CTR,Digestat liquide,2025-04-02,59,54.472,30,bsth,7.4,8.1,cattle,12.5,2,0.0,0.0,none,
96,CTR,Digestat liquide,2025-04-02,60,54.472,30,bsth,7.4,8.1,cattle,12.1,2,0.0,0.0,none,
96,CTR,Digestat liquide,2025-04-02,61,54.472,30,bsth,7.4,8.1,cattle,11.9,2,0.0,0.0,none,
96,CTR,Digestat liquide,2025-04-02,62,54.472,30,bsth,7.4,8.1,cattle,11.1,2,0.0,0.0,none,
96,CTR,Digestat liquide,2025-04-02,63,54.472,30,bsth,7.4,8.1,cattle,10.2,2,0.0,0.0,none,
96,CTR,Digestat liquide,2025-04-02,64,54.472,30,bsth,7.4,8.1,cattle,9.9,2,0.0,0.0,none,
96,CTR,Digestat liquide,2025-04-02,65,54.472,30,bsth,7.4,8.1,cattle,9.3,3,0.0,0.0,none,
96,CTR,Digestat liquide,2025-04-02,66,54.472,30,bsth,7.4,8.1,cattle,9.0,3,0.0,0.0,none,
96,CTR,Digestat liquide,2025-04-02,67,54.472,30,bsth,7.4,8.1,cattle,9.8,2,0.0,0.0,none,
96,CTR,Digestat liquide,2025-04-02,68,54.472,30,bsth,7.4,8.1,cattle,13.1,2,0.0,0.0,none,
96,CTR,Digestat liquide,2025-04-02,69,54.472,30,bsth,7.4,8.1,cattle,14.5,4,0.0,0.0,none,
96,CTR,Digestat liquide,2025-04-02,70,54.472,30,bsth,7.4,8.1,cattle,16.6,6,0.0,0.0,none,
96,CTR,Digestat liquide,2025-04-02,71,54.472,30,bsth,7.4,8.1,cattle,18.8,5,0.0,0.0,none,
96,CTR,Digestat liquide,2025-04-02,72,54.472,30,bsth,7.4,8.1,cattle,20.5,7,0.0,0.0,none,
96,CTR,Digestat liquide,2025-04-02,73,54.472,30,bsth,7.4,8.1,cattle,22.3,6,0.0,0.0,none,
96,CTR,Digestat liquide,2025-04-02,74,54.472,30,bsth,7.4,8.1,cattle,23.1,6,0.0,0.0,none,
96,CTR,Digestat liquide,2025-04-02,75,54.472,30,bsth,7.4,8.1,cattle,23.3,7,0.0,0.0,none,
96,CTR,Digestat liquide,2025-04-02,76,54.472,30,bsth,7.4,8.1,cattle,23.5,7,0.0,0.0,none,
96,CTR,Digestat liquide,2025-04-02,77,54.472,30,bsth,7.4,8.1,cattle,22.8,5,0.0,0.0,none,
96,CTR,Digestat liquide,2025-04-02,78,54.472,30,bsth,7.4,8.1,cattle,21.2,4,0.0,0.0,none,
96,CTR,Digestat liquide,2025-04-02,79,54.472,30,bsth,7.4,8.1,cattle,17.8,4,0.0,0.0,none,
96,CTR,Digestat liquide,2025-04-02,80,54.472,30,bsth,7.4,8.1,cattle,17.5,5,0.0,0.0,none,
96,CTR,Digestat liquide,2025-04-02,81,54.472,30,bsth,7.4,8.1,cattle,16.8,7,0.0,0.0,none,
96,CTR,Digestat liquide,2025-04-02,82,54.472,30,bsth,7.4,8.1,cattle,16.0,7,0.0,0.0,none,
96,CTR,Digestat liquide,2025-04-02,83,54.472,30,bsth,7.4,8.1,cattle,14.8,7,0.0,0.0,none,
96,CTR,Digestat liquide,2025-04-02,84,54.472,30,bsth,7.4,8.1,cattle,12.3,6,0.0,0.0,none,
96,CTR,Digestat liquide,2025-04-02,85,54.472,30,bsth,7.4,8.1,cattle,11.7,5,0.0,0.0,none,
97,CTR,Digestat liquide,2025-07-04,1,62.693,30,bc,9.5,8.1,cattle,25.4,5,0.0,0.0,none,
97,CTR,Digestat liquide,2025-07-04,2,62.693,30,bc,9.5,8.1,cattle,25.6,6,0.0,0.0,none,
97,CTR,Digestat liquide,2025-07-04,3,62.693,30,bc,9.5,8.1,cattle,26.2,6,0.0,0.0,none,
97,CTR,Digestat liquide,2025-07-04,4,62.693,30,bc,9.5,8.1,cattle,26.7,5,0.0,0.0,none,
97,CTR,Digestat liquide,2025-07-04,5,62.693,30,bc,9.5,8.1,cattle,26.8,4,0.0,0.0,none,
97,CTR,Digestat liquide,2025-07-04,6,62.693,30,bc,9.5,8.1,cattle,26.6,5,0.0,0.0,none,
97,CTR,Digestat liquide,2025-07-04,7,62.693,30,bc,9.5,8.1,cattle,25.8,4,0.0,0.0,none,
97,CTR,Digestat liquide,2025-07-04,8,62.693,30,bc,9.5,8.1,cattle,22.9,2,0.0,0.0,none,
97,CTR,Digestat liquide,2025-07-04,9,62.693,30,bc,9.5,8.1,cattle,20.3,4,0.0,0.0,none,
97,CTR,Digestat liquide,2025-07-04,10,62.693,30,bc,9.5,8.1,cattle,18.8,4,0.0,0.0,none,
97,CTR,Digestat liquide,2025-07-04,11,62.693,30,bc,9.5,8.1,cattle,18.0,2,0.0,0.0,none,
97,CTR,Digestat liquide,2025-07-04,12,62.693,30,bc,9.5,8.1,cattle,16.5,3,0.0,0.0,none,
97,CTR,Digestat liquide,2025-07-04,13,62.693,30,bc,9.5,8.1,cattle,15.1,1,0.0,0.0,none,
97,CTR,Digestat liquide,2025-07-04,14,62.693,30,bc,9.5,8.1,cattle,14.5,2,0.0,0.0,none,
97,CTR,Digestat liquide,2025-07-04,15,62.693,30,bc,9.5,8.1,cattle,12.9,2,0.0,0.0,none,
97,CTR,Digestat liquide,2025-07-04,16,62.693,30,bc,9.5,8.1,cattle,12.3,1,0.0,0.0,none,
97,CTR,Digestat liquide,2025-07-04,17,62.693,30,bc,9.5,8.1,cattle,12.0,1,0.0,0.0,none,
97,CTR,Digestat liquide,2025-07-04,18,62.693,30,bc,9.5,8.1,cattle,11.9,1,0.0,0.0,none,
97,CTR,Digestat liquide,2025-07-04,19,62.693,30,bc,9.5,8.1,cattle,14.1,2,0.0,0.0,none,
97,CTR,Digestat liquide,2025-07-04,20,62.693,30,bc,9.5,8.1,cattle,15.4,2,0.0,0.0,none,
97,CTR,Digestat liquide,2025-07-04,21,62.693,30,bc,9.5,8.1,cattle,17.1,2,0.0,0.0,none,
97,CTR,Digestat liquide,2025-07-04,22,62.693,30,bc,9.5,8.1,cattle,19.8,3,0.0,0.0,none,
97,CTR,Digestat liquide,2025-07-04,23,62.693,30,bc,9.5,8.1,cattle,23.1,4,0.0,0.0,none,
97,CTR,Digestat liquide,2025-07-04,24,62.693,30,bc,9.5,8.1,cattle,24.8,5,0.0,0.0,none,
97,CTR,Digestat liquide,2025-07-04,25,62.693,30,bc,9.5,8.1,cattle,26.4,5,0.0,0.0,none,
97,CTR,Digestat liquide,2025-07-04,26,62.693,30,bc,9.5,8.1,cattle,26.1,7,0.0,0.0,none,
97,CTR,Digestat liquide,2025-07-04,27,62.693,30,bc,9.5,8.1,cattle,26.2,6,0.0,0.0,none,
97,CTR,Digestat liquide,2025-07-04,28,62.693,30,bc,9.5,8.1,cattle,26.0,6,0.0,0.0,none,
97,CTR,Digestat liquide,2025-07-04,29,62.693,30,bc,9.5,8.1,cattle,24.3,6,0.0,0.0,none,
97,CTR,Digestat liquide,2025-07-04,30,62.693,30,bc,9.5,8.1,cattle,24.1,5,0.0,0.0,none,
97,CTR,Digestat liquide,2025-07-04,31,62.693,30,bc,9.5,8.1,cattle,24.1,6,0.0,0.0,none,
97,CTR,Digestat liquide,2025-07-04,32,62.693,30,bc,9.5,8.1,cattle,21.8,5,0.0,0.0,none,
97,CTR,Digestat liquide,2025-07-04,33,62.693,30,bc,9.5,8.1,cattle,20.4,5,0.0,0.0,none,
97,CTR,Digestat liquide,2025-07-04,34,62.693,30,bc,9.5,8.1,cattle,18.6,3,0.0,0.0,none,
97,CTR,Digestat liquide,2025-07-04,35,62.693,30,bc,9.5,8.1,cattle,18.4,3,0.0,0.0,none,
97,CTR,Digestat liquide,2025-07-04,36,62.693,30,bc,9.5,8.1,cattle,16.8,4,0.0,0.0,none,
97,CTR,Digestat liquide,2025-07-04,37,62.693,30,bc,9.5,8.1,cattle,16.4,4,0.0,0.0,none,
97,CTR,Digestat liquide,2025-07-04,38,62.693,30,bc,9.5,8.1,cattle,14.5,7,0.0,0.0,none,
97,CTR,Digestat liquide,2025-07-04,39,62.693,30,bc,9.5,8.1,cattle,13.3,6,1.5,1.5,none,
97,CTR,Digestat liquide,2025-07-04,40,62.693,30,bc,9.5,8.1,cattle,13.1,6,3.0,4.5,none,
97,CTR,Digestat liquide,2025-07-04,41,62.693,30,bc,9.5,8.1,cattle,13.0,7,3.5,8.0,none,
97,CTR,Digestat liquide,2025-07-04,42,62.693,30,bc,9.5,8.1,cattle,13.2,7,2.0,10.0,none,
97,CTR,Digestat liquide,2025-07-04,43,62.693,30,bc,9.5,8.1,cattle,13.5,7,0.0,10.0,none,
97,CTR,Digestat liquide,2025-07-04,44,62.693,30,bc,9.5,8.1,cattle,13.7,7,2.5,12.5,none,
97,CTR,Digestat liquide,2025-07-04,45,62.693,30,bc,9.5,8.1,cattle,14.5,8,0.5,13.0,none,
97,CTR,Digestat liquide,2025-07-04,46,62.693,30,bc,9.5,8.1,cattle,14.8,9,0.0,13.0,none,
97,CTR,Digestat liquide,2025-07-04,47,62.693,30,bc,9.5,8.1,cattle,15.7,9,0.0,13.0,none,
97,CTR,Digestat liquide,2025-07-04,48,62.693,30,bc,9.5,8.1,cattle,16.4,8,0.0,13.0,none,
97,CTR,Digestat liquide,2025-07-04,49,62.693,30,bc,9.5,8.1,cattle,17.2,8,0.0,13.0,none,
97,CTR,Digestat liquide,2025-07-04,50,62.693,30,bc,9.5,8.1,cattle,16.3,7,3.5,16.5,none,
97,CTR,Digestat liquide,2025-07-04,51,62.693,30,bc,9.5,8.1,cattle,17.3,5,1.5,18.0,none,
97,CTR,Digestat liquide,2025-07-04,52,62.693,30,bc,9.5,8.1,cattle,18.3,6,0.5,18.5,none,
97,CTR,Digestat liquide,2025-07-04,53,62.693,30,bc,9.5,8.1,cattle,19.7,6,0.0,18.5,none,
97,CTR,Digestat liquide,2025-07-04,54,62.693,30,bc,9.5,8.1,cattle,20.0,5,0.5,19.0,none,
97,CTR,Digestat liquide,2025-07-04,55,62.693,30,bc,9.5,8.1,cattle,19.6,5,0.0,19.0,none,
97,CTR,Digestat liquide,2025-07-04,56,62.693,30,bc,9.5,8.1,cattle,17.9,5,0.0,19.0,none,
97,CTR,Digestat liquide,2025-07-04,57,62.693,30,bc,9.5,8.1,cattle,17.0,4,0.0,19.0,none,
97,CTR,Digestat liquide,2025-07-04,58,62.693,30,bc,9.5,8.1,cattle,16.4,4,0.0,19.0,none,
97,CTR,Digestat liquide,2025-07-04,59,62.693,30,bc,9.5,8.1,cattle,16.0,4,0.0,19.0,none,
97,CTR,Digestat liquide,2025-07-04,60,62.693,30,bc,9.5,8.1,cattle,14.8,4,0.0,19.0,none,
97,CTR,Digestat liquide,2025-07-04,61,62.693,30,bc,9.5,8.1,cattle,14.9,6,0.0,19.0,none,
97,CTR,Digestat liquide,2025-07-04,62,62.693,30,bc,9.5,8.1,cattle,14.8,8,0.0,19.0,none,
97,CTR,Digestat liquide,2025-07-04,63,62.693,30,bc,9.5,8.1,cattle,14.4,6,0.0,19.0,none,
97,CTR,Digestat liquide,2025-07-04,64,62.693,30,bc,9.5,8.1,cattle,14.2,6,0.0,19.0,none,
97,CTR,Digestat liquide,2025-07-04,65,62.693,30,bc,9.5,8.1,cattle,14.2,6,0.0,19.0,none,
97,CTR,Digestat liquide,2025-07-04,66,62.693,30,bc,9.5,8.1,cattle,14.2,6,0.0,19.0,none,
97,CTR,Digestat liquide,2025-07-04,67,62.693,30,bc,9.5,8.1,cattle,14.5,6,0.0,19.0,none,
97,CTR,Digestat liquide,2025-07-04,68,62.693,30,bc,9.5,8.1,cattle,14.0,6,1.5,20.5,none,
97,CTR,Digestat liquide,2025-07-04,69,62.693,30,bc,9.5,8.1,cattle,13.6,4,8.0,28.5,none,
97,CTR,Digestat liquide,2025-07-04,70,62.693,30,bc,9.5,8.1,cattle,14.3,4,3.0,31.5,none,
97,CTR,Digestat liquide,2025-07-04,71,62.693,30,bc,9.5,8.1,cattle,14.8,4,0.5,32.0,none,
97,CTR,Digestat liquide,2025-07-04,72,62.693,30,bc,9.5,8.1,cattle,16.1,4,0.0,32.0,none,
97,CTR,Digestat liquide,2025-07-04,73,62.693,30,bc,9.5,8.1,cattle,16.8,8,1.5,33.5,none,
97,CTR,Digestat liquide,2025-07-04,74,62.693,30,bc,9.5,8.1,cattle,18.1,6,0.0,33.5,none,
97,CTR,Digestat liquide,2025-07-04,75,62.693,30,bc,9.5,8.1,cattle,16.9,6,1.0,34.5,none,
97,CTR,Digestat liquide,2025-07-04,76,62.693,30,bc,9.5,8.1,cattle,15.1,9,3.0,37.5,none,
97,CTR,Digestat liquide,2025-07-04,77,62.693,30,bc,9.5,8.1,cattle,17.5,6,0.0,37.5,none,
97,CTR,Digestat liquide,2025-07-04,78,62.693,30,bc,9.5,8.1,cattle,16.9,4,0.5,38.0,none,
97,CTR,Digestat liquide,2025-07-04,79,62.693,30,bc,9.5,8.1,cattle,17.0,4,0.0,38.0,none,
97,CTR,Digestat liquide,2025-07-04,80,62.693,30,bc,9.5,8.1,cattle,16.6,4,0.0,38.0,none,
97,CTR,Digestat liquide,2025-07-04,81,62.693,30,bc,9.5,8.1,cattle,15.2,5,0.0,38.0,none,
97,CTR,Digestat liquide,2025-07-04,82,62.693,30,bc,9.5,8.1,cattle,14.1,2,0.0,38.0,none,
97,CTR,Digestat liquide,2025-07-04,83,62.693,30,bc,9.5,8.1,cattle,13.2,2,0.0,38.0,none,
97,CTR,Digestat liquide,2025-07-04,84,62.693,30,bc,9.5,8.1,cattle,12.3,3,0.0,38.0,none,
97,CTR,Digestat liquide,2025-07-04,85,62.693,30,bc,9.5,8.1,cattle,12.3,2,0.0,38.0,none,
130,MF,Lisier,2018-09-30,1,42.347,40,bc,2.4,8.0,cattle,16.6,5,0.0,0.0,none,
130,MF,Lisier,2018-09-30,2,42.347,40,bc,2.4,8.0,cattle,17.8,7,0.0,0.0,none,
130,MF,Lisier,2018-09-30,3,42.347,40,bc,2.4,8.0,cattle,16.8,6,0.0,0.0,none,
130,MF,Lisier,2018-09-30,4,42.347,40,bc,2.4,8.0,cattle,17.3,8,0.0,0.0,none,
130,MF,Lisier,2018-09-30,5,42.347,40,bc,2.4,8.0,cattle,16.7,6,0.0,0.0,none,
130,MF,Lisier,2018-09-30,6,42.347,40,bc,2.4,8.0,cattle,15.4,8,0.0,0.0,none,
130,MF,Lisier,2018-09-30,7,42.347,40,bc,2.4,8.0,cattle,13.5,10,0.0,0.0,none,
130,MF,Lisier,2018-09-30,8,42.347,40,bc,2.4,8.0,cattle,12.6,6,0.0,0.0,none,
130,MF,Lisier,2018-09-30,9,42.347,40,bc,2.4,8.0,cattle,11.8,3,0.0,0.0,none,
130,MF,Lisier,2018-09-30,10,42.347,40,bc,2.4,8.0,cattle,11.6,2,0.0,0.0,none,
130,MF,Lisier,2018-09-30,11,42.347,40,bc,2.4,8.0,cattle,11.7,4,0.0,0.0,none,
130,MF,Lisier,2018-09-30,12,42.347,40,bc,2.4,8.0,cattle,10.9,4,0.0,0.0,none,
130,MF,Lisier,2018-09-30,13,42.347,40,bc,2.4,8.0,cattle,10.7,4,0.0,0.0,none,
130,MF,Lisier,2018-09-30,14,42.347,40,bc,2.4,8.0,cattle,10.9,3,0.0,0.0,none,
130,MF,Lisier,2018-09-30,15,42.347,40,bc,2.4,8.0,cattle,11.7,5,0.0,0.0,none,
130,MF,Lisier,2018-09-30,16,42.347,40,bc,2.4,8.0,cattle,11.1,4,0.0,0.0,none,
130,MF,Lisier,2018-09-30,17,42.347,40,bc,2.4,8.0,cattle,10.0,4,0.0,0.0,none,
130,MF,Lisier,2018-09-30,18,42.347,40,bc,2.4,8.0,cattle,9.4,6,0.0,0.0,none,
130,MF,Lisier,2018-09-30,19,42.347,40,bc,2.4,8.0,cattle,7.9,4,0.0,0.0,none,
130,MF,Lisier,2018-09-30,20,42.347,40,bc,2.4,8.0,cattle,8.9,3,0.0,0.0,none,
130,MF,Lisier,2018-09-30,21,42.347,40,bc,2.4,8.0,cattle,11.0,6,0.0,0.0,none,
130,MF,Lisier,2018-09-30,22,42.347,40,bc,2.4,8.0,cattle,12.0,9,0.0,0.0,none,
130,MF,Lisier,2018-09-30,23,42.347,40,bc,2.4,8.0,cattle,12.5,10,0.0,0.0,none,
130,MF,Lisier,2018-09-30,24,42.347,40,bc,2.4,8.0,cattle,13.4,9,0.0,0.0,none,
130,MF,Lisier,2018-09-30,25,42.347,40,bc,2.4,8.0,cattle,13.4,9,0.0,0.0,none,
130,MF,Lisier,2018-09-30,26,42.347,40,bc,2.4,8.0,cattle,14.6,9,0.0,0.0,none,
130,MF,Lisier,2018-09-30,27,42.347,40,bc,2.4,8.0,cattle,14.2,10,0.0,0.0,none,
130,MF,Lisier,2018-09-30,28,42.347,40,bc,2.4,8.0,cattle,14.7,9,0.0,0.0,none,
130,MF,Lisier,2018-09-30,29,42.347,40,bc,2.4,8.0,cattle,14.1,10,0.0,0.0,none,
130,MF,Lisier,2018-09-30,30,42.347,40,bc,2.4,8.0,cattle,12.7,8,0.0,0.0,none,
130,MF,Lisier,2018-09-30,31,42.347,40,bc,2.4,8.0,cattle,10.8,6,0.0,0.0,none,
130,MF,Lisier,2018-09-30,32,42.347,40,bc,2.4,8.0,cattle,9.8,5,0.0,0.0,none,
130,MF,Lisier,2018-09-30,33,42.347,40,bc,2.4,8.0,cattle,9.8,4,0.0,0.0,none,
130,MF,Lisier,2018-09-30,34,42.347,40,bc,2.4,8.0,cattle,8.5,2,0.0,0.0,none,
130,MF,Lisier,2018-09-30,35,42.347,40,bc,2.4,8.0,cattle,8.4,2,0.0,0.0,none,
130,MF,Lisier,2018-09-30,36,42.347,40,bc,2.4,8.0,cattle,8.4,2,0.0,0.0,none,
130,MF,Lisier,2018-09-30,37,42.347,40,bc,2.4,8.0,cattle,9.0,2,0.0,0.0,none,
130,MF,Lisier,2018-09-30,38,42.347,40,bc,2.4,8.0,cattle,9.0,2,0.0,0.0,none,
130,MF,Lisier,2018-09-30,39,42.347,40,bc,2.4,8.0,cattle,9.2,4,0.0,0.0,none,
130,MF,Lisier,2018-09-30,40,42.347,40,bc,2.4,8.0,cattle,9.5,4,0.0,0.0,none,
130,MF,Lisier,2018-09-30,41,42.347,40,bc,2.4,8.0,cattle,9.9,4,0.0,0.0,none,
130,MF,Lisier,2018-09-30,42,42.347,40,bc,2.4,8.0,cattle,10.0,4,0.0,0.0,none,
130,MF,Lisier,2018-09-30,43,42.347,40,bc,2.4,8.0,cattle,10.1,6,0.0,0.0,none,
130,MF,Lisier,2018-09-30,44,42.347,40,bc,2.4,8.0,cattle,10.5,6,0.0,0.0,none,
130,MF,Lisier,2018-09-30,45,42.347,40,bc,2.4,8.0,cattle,11.1,7,0.0,0.0,none,
130,MF,Lisier,2018-09-30,46,42.347,40,bc,2.4,8.0,cattle,10.9,8,0.0,0.0,none,
130,MF,Lisier,2018-09-30,47,42.347,40,bc,2.4,8.0,cattle,12.0,8,0.0,0.0,none,
130,MF,Lisier,2018-09-30,48,42.347,40,bc,2.4,8.0,cattle,13.3,8,0.0,0.0,none,
130,MF,Lisier,2018-09-30,49,42.347,40,bc,2.4,8.0,cattle,13.7,8,0.0,0.0,none,
130,MF,Lisier,2018-09-30,50,42.347,40,bc,2.4,8.0,cattle,14.5,8,0.0,0.0,none,
130,MF,Lisier,2018-09-30,51,42.347,40,bc,2.4,8.0,cattle,14.7,8,0.0,0.0,none,
130,MF,Lisier,2018-09-30,52,42.347,40,bc,2.4,8.0,cattle,14.6,9,0.0,0.0,none,
130,MF,Lisier,2018-09-30,53,42.347,40,bc,2.4,8.0,cattle,13.7,8,0.0,0.0,none,
130,MF,Lisier,2018-09-30,54,42.347,40,bc,2.4,8.0,cattle,13.5,8,0.0,0.0,none,
130,MF,Lisier,2018-09-30,55,42.347,40,bc,2.4,8.0,cattle,13.9,6,0.0,0.0,none,
130,MF,Lisier,2018-09-30,56,42.347,40,bc,2.4,8.0,cattle,14.2,5,0.0,0.0,none,
130,MF,Lisier,2018-09-30,57,42.347,40,bc,2.4,8.0,cattle,14.5,5,0.0,0.0,none,
130,MF,Lisier,2018-09-30,58,42.347,40,bc,2.4,8.0,cattle,14.7,4,0.0,0.0,none,
130,MF,Lisier,2018-09-30,59,42.347,40,bc,2.4,8.0,cattle,14.7,4,0.0,0.0,none,
130,MF,Lisier,2018-09-30,60,42.347,40,bc,2.4,8.0,cattle,14.9,5,0.0,0.0,none,
130,MF,Lisier,2018-09-30,61,42.347,40,bc,2.4,8.0,cattle,14.9,3,0.0,0.0,none,
130,MF,Lisier,2018-09-30,62,42.347,40,bc,2.4,8.0,cattle,15.0,4,0.5,0.5,none,
130,MF,Lisier,2018-09-30,63,42.347,40,bc,2.4,8.0,cattle,14.9,5,0.0,0.5,none,
130,MF,Lisier,2018-09-30,64,42.347,40,bc,2.4,8.0,cattle,14.9,4,0.0,0.5,none,
130,MF,Lisier,2018-09-30,65,42.347,40,bc,2.4,8.0,cattle,14.6,2,0.0,0.5,none,
130,MF,Lisier,2018-09-30,66,42.347,40,bc,2.4,8.0,cattle,14.0,4,0.5,1.0,none,
130,MF,Lisier,2018-09-30,67,42.347,40,bc,2.4,8.0,cattle,13.9,4,0.5,1.5,none,
130,MF,Lisier,2018-09-30,68,42.347,40,bc,2.4,8.0,cattle,14.2,4,0.0,1.5,none,
130,MF,Lisier,2018-09-30,69,42.347,40,bc,2.4,8.0,cattle,14.6,3,0.0,1.5,none,
130,MF,Lisier,2018-09-30,70,42.347,40,bc,2.4,8.0,cattle,15.6,5,0.0,1.5,none,
130,MF,Lisier,2018-09-30,71,42.347,40,bc,2.4,8.0,cattle,14.1,5,0.5,2.0,none,
130,MF,Lisier,2018-09-30,72,42.347,40,bc,2.4,8.0,cattle,15.6,4,0.0,2.0,none,
130,MF,Lisier,2018-09-30,73,42.347,40,bc,2.4,8.0,cattle,16.6,5,0.0,2.0,none,
130,MF,Lisier,2018-09-30,74,42.347,40,bc,2.4,8.0,cattle,17.0,4,0.0,2.0,none,
130,MF,Lisier,2018-09-30,75,42.347,40,bc,2.4,8.0,cattle,17.1,4,0.0,2.0,none,
130,MF,Lisier,2018-09-30,76,42.347,40,bc,2.4,8.0,cattle,18.3,6,0.0,2.0,none,
130,MF,Lisier,2018-09-30,77,42.347,40,bc,2.4,8.0,cattle,17.9,5,0.0,2.0,none,
130,MF,Lisier,2018-09-30,78,42.347,40,bc,2.4,8.0,cattle,16.2,4,0.0,2.0,none,
130,MF,Lisier,2018-09-30,79,42.347,40,bc,2.4,8.0,cattle,15.1,2,0.0,2.0,none,
130,MF,Lisier,2018-09-30,80,42.347,40,bc,2.4,8.0,cattle,13.7,1,0.0,2.0,none,
130,MF,Lisier,2018-09-30,81,42.347,40,bc,2.4,8.0,cattle,13.9,1,0.0,2.0,none,
130,MF,Lisier,2018-09-30,82,42.347,40,bc,2.4,8.0,cattle,13.6,2,0.0,2.0,none,
130,MF,Lisier,2018-09-30,83,42.347,40,bc,2.4,8.0,cattle,13.2,1,0.0,2.0,none,
130,MF,Lisier,2018-09-30,84,42.347,40,bc,2.4,8.0,cattle,12.3,2,0.0,2.0,none,
130,MF,Lisier,2018-09-30,85,42.347,40,bc,2.4,8.0,cattle,11.5,0,0.0,2.0,none,
133,MF,Lisier,2019-08-20,1,0.589,50,bc,6.6,8.0,cattle,21.8,5,0.0,0.0,none,
133,MF,Lisier,2019-08-20,2,0.589,50,bc,6.6,8.0,cattle,20.6,5,0.0,0.0,none,
133,MF,Lisier,2019-08-20,3,0.589,50,bc,6.6,8.0,cattle,21.6,6,0.0,0.0,none,
133,MF,Lisier,2019-08-20,4,0.589,50,bc,6.6,8.0,cattle,21.3,4,0.0,0.0,none,
133,MF,Lisier,2019-08-20,5,0.589,50,bc,6.6,8.0,cattle,22.3,5,0.0,0.0,none,
133,MF,Lisier,2019-08-20,6,0.589,50,bc,6.6,8.0,cattle,20.8,4,0.0,0.0,none,
133,MF,Lisier,2019-08-20,7,0.589,50,bc,6.6,8.0,cattle,20.5,5,0.0,0.0,none,
133,MF,Lisier,2019-08-20,8,0.589,50,bc,6.6,8.0,cattle,17.4,4,0.0,0.0,none,
133,MF,Lisier,2019-08-20,9,0.589,50,bc,6.6,8.0,cattle,14.9,2,0.0,0.0,none,
133,MF,Lisier,2019-08-20,10,0.589,50,bc,6.6,8.0,cattle,14.3,2,0.0,0.0,none,
133,MF,Lisier,2019-08-20,11,0.589,50,bc,6.6,8.0,cattle,13.5,1,0.0,0.0,none,
133,MF,Lisier,2019-08-20,12,0.589,50,bc,6.6,8.0,cattle,13.7,1,0.0,0.0,none,
133,MF,Lisier,2019-08-20,13,0.589,50,bc,6.6,8.0,cattle,12.0,0,0.0,0.0,none,
133,MF,Lisier,2019-08-20,14,0.589,50,bc,6.6,8.0,cattle,11.2,1,0.0,0.0,none,
133,MF,Lisier,2019-08-20,15,0.589,50,bc,6.6,8.0,cattle,9.9,1,0.0,0.0,none,
133,MF,Lisier,2019-08-20,16,0.589,50,bc,6.6,8.0,cattle,9.7,0,0.0,0.0,none,
133,MF,Lisier,2019-08-20,17,0.589,50,bc,6.6,8.0,cattle,9.2,1,0.0,0.0,none,
133,MF,Lisier,2019-08-20,18,0.589,50,bc,6.6,8.0,cattle,8.7,1,0.0,0.0,none,
133,MF,Lisier,2019-08-20,19,0.589,50,bc,6.6,8.0,cattle,10.0,0,0.0,0.0,none,
133,MF,Lisier,2019-08-20,20,0.589,50,bc,6.6,8.0,cattle,14.1,1,0.0,0.0,none,
133,MF,Lisier,2019-08-20,21,0.589,50,bc,6.6,8.0,cattle,16.2,4,0.0,0.0,none,
133,MF,Lisier,2019-08-20,22,0.589,50,bc,6.6,8.0,cattle,18.3,4,0.0,0.0,none,
133,MF,Lisier,2019-08-20,23,0.589,50,bc,6.6,8.0,cattle,19.9,4,0.0,0.0,none,
133,MF,Lisier,2019-08-20,24,0.589,50,bc,6.6,8.0,cattle,21.2,4,0.0,0.0,none,
133,MF,Lisier,2019-08-20,25,0.589,50,bc,6.6,8.0,cattle,22.0,4,0.0,0.0,none,
133,MF,Lisier,2019-08-20,26,0.589,50,bc,6.6,8.0,cattle,22.5,4,0.0,0.0,none,
133,MF,Lisier,2019-08-20,27,0.589,50,bc,6.6,8.0,cattle,22.9,5,0.0,0.0,none,
133,MF,Lisier,2019-08-20,28,0.589,50,bc,6.6,8.0,cattle,23.4,4,0.0,0.0,none,
133,MF,Lisier,2019-08-20,29,0.589,50,bc,6.6,8.0,cattle,23.1,4,0.0,0.0,none,
133,MF,Lisier,2019-08-20,30,0.589,50,bc,6.6,8.0,cattle,22.7,4,0.0,0.0,none,
133,MF,Lisier,2019-08-20,31,0.589,50,bc,6.6,8.0,cattle,21.5,4,0.0,0.0,none,
133,MF,Lisier,2019-08-20,32,0.589,50,bc,6.6,8.0,cattle,17.7,2,0.0,0.0,none,
133,MF,Lisier,2019-08-20,33,0.589,50,bc,6.6,8.0,cattle,16.1,2,0.0,0.0,none,
133,MF,Lisier,2019-08-20,34,0.589,50,bc,6.6,8.0,cattle,16.3,2,0.0,0.0,none,
133,MF,Lisier,2019-08-20,35,0.589,50,bc,6.6,8.0,cattle,14.9,1,0.0,0.0,none,
133,MF,Lisier,2019-08-20,36,0.589,50,bc,6.6,8.0,cattle,15.7,2,0.0,0.0,none,
133,MF,Lisier,2019-08-20,37,0.589,50,bc,6.6,8.0,cattle,13.3,2,0.0,0.0,none,
133,MF,Lisier,2019-08-20,38,0.589,50,bc,6.6,8.0,cattle,12.4,1,0.0,0.0,none,
133,MF,Lisier,2019-08-20,39,0.589,50,bc,6.6,8.0,cattle,11.3,1,0.0,0.0,none,
133,MF,Lisier,2019-08-20,40,0.589,50,bc,6.6,8.0,cattle,11.0,1,0.0,0.0,none,
133,MF,Lisier,2019-08-20,41,0.589,50,bc,6.6,8.0,cattle,10.2,1,0.0,0.0,none,
133,MF,Lisier,2019-08-20,42,0.589,50,bc,6.6,8.0,cattle,9.8,1,0.0,0.0,none,
133,MF,Lisier,2019-08-20,43,0.589,50,bc,6.6,8.0,cattle,10.7,1,0.0,0.0,none,
133,MF,Lisier,2019-08-20,44,0.589,50,bc,6.6,8.0,cattle,13.5,2,0.0,0.0,none,
133,MF,Lisier,2019-08-20,45,0.589,50,bc,6.6,8.0,cattle,17.1,2,0.0,0.0,none,
133,MF,Lisier,2019-08-20,46,0.589,50,bc,6.6,8.0,cattle,20.1,3,0.0,0.0,none,
133,MF,Lisier,2019-08-20,47,0.589,50,bc,6.6,8.0,cattle,21.9,4,0.0,0.0,none,
133,MF,Lisier,2019-08-20,48,0.589,50,bc,6.6,8.0,cattle,22.9,4,0.0,0.0,none,
133,MF,Lisier,2019-08-20,49,0.589,50,bc,6.6,8.0,cattle,24.0,4,0.0,0.0,none,
133,MF,Lisier,2019-08-20,50,0.589,50,bc,6.6,8.0,cattle,24.6,5,0.0,0.0,none,
133,MF,Lisier,2019-08-20,51,0.589,50,bc,6.6,8.0,cattle,25.5,4,0.0,0.0,none,
133,MF,Lisier,2019-08-20,52,0.589,50,bc,6.6,8.0,cattle,25.6,5,0.0,0.0,none,
133,MF,Lisier,2019-08-20,53,0.589,50,bc,6.6,8.0,cattle,25.6,3,0.0,0.0,none,
133,MF,Lisier,2019-08-20,54,0.589,50,bc,6.6,8.0,cattle,25.1,4,0.0,0.0,none,
133,MF,Lisier,2019-08-20,55,0.589,50,bc,6.6,8.0,cattle,23.8,3,0.0,0.0,none,
133,MF,Lisier,2019-08-20,56,0.589,50,bc,6.6,8.0,cattle,19.9,2,0.0,0.0,none,
133,MF,Lisier,2019-08-20,57,0.589,50,bc,6.6,8.0,cattle,18.1,2,0.0,0.0,none,
133,MF,Lisier,2019-08-20,58,0.589,50,bc,6.6,8.0,cattle,17.9,4,0.0,0.0,none,
133,MF,Lisier,2019-08-20,59,0.589,50,bc,6.6,8.0,cattle,16.2,4,0.0,0.0,none,
133,MF,Lisier,2019-08-20,60,0.589,50,bc,6.6,8.0,cattle,16.3,4,0.0,0.0,none,
133,MF,Lisier,2019-08-20,61,0.589,50,bc,6.6,8.0,cattle,14.2,3,0.0,0.0,none,
133,MF,Lisier,2019-08-20,62,0.589,50,bc,6.6,8.0,cattle,13.4,1,0.0,0.0,none,
133,MF,Lisier,2019-08-20,63,0.589,50,bc,6.6,8.0,cattle,12.5,1,0.0,0.0,none,
133,MF,Lisier,2019-08-20,64,0.589,50,bc,6.6,8.0,cattle,12.3,1,0.0,0.0,none,
133,MF,Lisier,2019-08-20,65,0.589,50,bc,6.6,8.0,cattle,11.2,1,0.0,0.0,none,
133,MF,Lisier,2019-08-20,66,0.589,50,bc,6.6,8.0,cattle,10.7,0,0.0,0.0,none,
133,MF,Lisier,2019-08-20,67,0.589,50,bc,6.6,8.0,cattle,12.1,0,0.0,0.0,none,
133,MF,Lisier,2019-08-20,68,0.589,50,bc,6.6,8.0,cattle,17.0,1,0.0,0.0,none,
133,MF,Lisier,2019-08-20,69,0.589,50,bc,6.6,8.0,cattle,18.3,3,0.0,0.0,none,
133,MF,Lisier,2019-08-20,70,0.589,50,bc,6.6,8.0,cattle,21.4,3,0.0,0.0,none,
133,MF,Lisier,2019-08-20,71,0.589,50,bc,6.6,8.0,cattle,23.0,4,0.0,0.0,none,
133,MF,Lisier,2019-08-20,72,0.589,50,bc,6.6,8.0,cattle,24.2,5,0.0,0.0,none,
133,MF,Lisier,2019-08-20,73,0.589,50,bc,6.6,8.0,cattle,25.5,5,0.0,0.0,none,
133,MF,Lisier,2019-08-20,74,0.589,50,bc,6.6,8.0,cattle,26.1,10,0.0,0.0,none,
133,MF,Lisier,2019-08-20,75,0.589,50,bc,6.6,8.0,cattle,27.2,8,0.0,0.0,none,
133,MF,Lisier,2019-08-20,76,0.589,50,bc,6.6,8.0,cattle,27.7,4,0.0,0.0,none,
133,MF,Lisier,2019-08-20,77,0.589,50,bc,6.6,8.0,cattle,27.5,4,0.0,0.0,none,
133,MF,Lisier,2019-08-20,78,0.589,50,bc,6.6,8.0,cattle,27.1,4,0.0,0.0,none,
133,MF,Lisier,2019-08-20,79,0.589,50,bc,6.6,8.0,cattle,25.6,4,0.0,0.0,none,
133,MF,Lisier,2019-08-20,80,0.589,50,bc,6.6,8.0,cattle,21.3,4,0.0,0.0,none,
133,MF,Lisier,2019-08-20,81,0.589,50,bc,6.6,8.0,cattle,20.5,2,0.0,0.0,none,
133,MF,Lisier,2019-08-20,82,0.589,50,bc,6.6,8.0,cattle,19.1,2,0.0,0.0,none,
133,MF,Lisier,2019-08-20,83,0.589,50,bc,6.6,8.0,cattle,17.8,1,0.0,0.0,none,
133,MF,Lisier,2019-08-20,84,0.589,50,bc,6.6,8.0,cattle,18.7,1,0.0,0.0,none,
133,MF,Lisier,2019-08-20,85,0.589,50,bc,6.6,8.0,cattle,16.0,1,0.0,0.0,none,
136,MF,Lisier,2021-02-13,1,0.729,40,bsth,7.3,8.0,cattle,-1.8,7,0.0,0.0,none,
136,MF,Lisier,2021-02-13,2,0.729,40,bsth,7.3,8.0,cattle,-1.3,7,0.0,0.0,none,
136,MF,Lisier,2021-02-13,3,0.729,40,bsth,7.3,8.0,cattle,-1.1,7,0.0,0.0,none,
136,MF,Lisier,2021-02-13,4,0.729,40,bsth,7.3,8.0,cattle,-0.6,7,0.0,0.0,none,
136,MF,Lisier,2021-02-13,5,0.729,40,bsth,7.3,8.0,cattle,-1.2,7,0.0,0.0,none,
136,MF,Lisier,2021-02-13,6,0.729,40,bsth,7.3,8.0,cattle,-1.6,6,0.0,0.0,none,
136,MF,Lisier,2021-02-13,7,0.729,40,bsth,7.3,8.0,cattle,-2.6,6,0.0,0.0,none,
136,MF,Lisier,2021-02-13,8,0.729,40,bsth,7.3,8.0,cattle,-3.0,5,0.0,0.0,none,
136,MF,Lisier,2021-02-13,9,0.729,40,bsth,7.3,8.0,cattle,-3.9,5,0.0,0.0,none,
136,MF,Lisier,2021-02-13,10,0.729,40,bsth,7.3,8.0,cattle,-2.6,6,0.0,0.0,none,
136,MF,Lisier,2021-02-13,11,0.729,40,bsth,7.3,8.0,cattle,-3.0,8,0.0,0.0,none,
136,MF,Lisier,2021-02-13,12,0.729,40,bsth,7.3,8.0,cattle,-3.4,6,0.0,0.0,none,
136,MF,Lisier,2021-02-13,13,0.729,40,bsth,7.3,8.0,cattle,-4.2,6,0.0,0.0,none,
136,MF,Lisier,2021-02-13,14,0.729,40,bsth,7.3,8.0,cattle,-4.6,4,0.0,0.0,none,
136,MF,Lisier,2021-02-13,15,0.729,40,bsth,7.3,8.0,cattle,-4.5,6,0.0,0.0,none,
136,MF,Lisier,2021-02-13,16,0.729,40,bsth,7.3,8.0,cattle,-4.9,6,0.0,0.0,none,
136,MF,Lisier,2021-02-13,17,0.729,40,bsth,7.3,8.0,cattle,-4.6,5,0.0,0.0,none,
136,MF,Lisier,2021-02-13,18,0.729,40,bsth,7.3,8.0,cattle,-4.9,7,0.0,0.0,none,
136,MF,Lisier,2021-02-13,19,0.729,40,bsth,7.3,8.0,cattle,-5.4,6,0.0,0.0,none,
136,MF,Lisier,2021-02-13,20,0.729,40,bsth,7.3,8.0,cattle,-6.0,5,0.0,0.0,none,
136,MF,Lisier,2021-02-13,21,0.729,40,bsth,7.3,8.0,cattle,-4.6,6,0.0,0.0,none,
136,MF,Lisier,2021-02-13,22,0.729,40,bsth,7.3,8.0,cattle,-3.1,8,0.0,0.0,none,
136,MF,Lisier,2021-02-13,23,0.729,40,bsth,7.3,8.0,cattle,-1.8,8,0.0,0.0,none,
136,MF,Lisier,2021-02-13,24,0.729,40,bsth,7.3,8.0,cattle,-0.6,7,0.0,0.0,none,
136,MF,Lisier,2021-02-13,25,0.729,40,bsth,7.3,8.0,cattle,0.1,7,0.0,0.0,none,
136,MF,Lisier,2021-02-13,26,0.729,40,bsth,7.3,8.0,cattle,0.9,8,0.0,0.0,none,
136,MF,Lisier,2021-02-13,27,0.729,40,bsth,7.3,8.0,cattle,1.2,7,0.0,0.0,none,
136,MF,Lisier,2021-02-13,28,0.729,40,bsth,7.3,8.0,cattle,1.5,7,0.0,0.0,none,
136,MF,Lisier,2021-02-13,29,0.729,40,bsth,7.3,8.0,cattle,0.9,7,0.0,0.0,none,
136,MF,Lisier,2021-02-13,30,0.729,40,bsth,7.3,8.0,cattle,0.5,8,0.0,0.0,none,
136,MF,Lisier,2021-02-13,31,0.729,40,bsth,7.3,8.0,cattle,0.5,8,0.0,0.0,none,
136,MF,Lisier,2021-02-13,32,0.729,40,bsth,7.3,8.0,cattle,1.1,8,0.0,0.0,none,
136,MF,Lisier,2021-02-13,33,0.729,40,bsth,7.3,8.0,cattle,1.4,6,0.0,0.0,none,
136,MF,Lisier,2021-02-13,34,0.729,40,bsth,7.3,8.0,cattle,1.5,5,0.0,0.0,none,
136,MF,Lisier,2021-02-13,35,0.729,40,bsth,7.3,8.0,cattle,1.7,6,0.0,0.0,none,
136,MF,Lisier,2021-02-13,36,0.729,40,bsth,7.3,8.0,cattle,2.3,4,0.0,0.0,none,
136,MF,Lisier,2021-02-13,37,0.729,40,bsth,7.3,8.0,cattle,2.7,6,0.0,0.0,none,
136,MF,Lisier,2021-02-13,38,0.729,40,bsth,7.3,8.0,cattle,3.4,7,0.0,0.0,none,
136,MF,Lisier,2021-02-13,39,0.729,40,bsth,7.3,8.0,cattle,3.2,6,0.0,0.0,none,
136,MF,Lisier,2021-02-13,40,0.729,40,bsth,7.3,8.0,cattle,3.6,8,0.0,0.0,none,
136,MF,Lisier,2021-02-13,41,0.729,40,bsth,7.3,8.0,cattle,3.5,6,0.0,0.0,none,
136,MF,Lisier,2021-02-13,42,0.729,40,bsth,7.3,8.0,cattle,3.2,6,0.0,0.0,none,
136,MF,Lisier,2021-02-13,43,0.729,40,bsth,7.3,8.0,cattle,3.4,5,0.0,0.0,none,
136,MF,Lisier,2021-02-13,44,0.729,40,bsth,7.3,8.0,cattle,3.6,7,0.0,0.0,none,
136,MF,Lisier,2021-02-13,45,0.729,40,bsth,7.3,8.0,cattle,4.9,11,0.0,0.0,none,
136,MF,Lisier,2021-02-13,46,0.729,40,bsth,7.3,8.0,cattle,5.1,12,0.0,0.0,none,
136,MF,Lisier,2021-02-13,47,0.729,40,bsth,7.3,8.0,cattle,5.7,10,0.0,0.0,none,
136,MF,Lisier,2021-02-13,48,0.729,40,bsth,7.3,8.0,cattle,6.3,10,0.0,0.0,none,
136,MF,Lisier,2021-02-13,49,0.729,40,bsth,7.3,8.0,cattle,6.5,8,0.0,0.0,none,
136,MF,Lisier,2021-02-13,50,0.729,40,bsth,7.3,8.0,cattle,7.3,8,0.0,0.0,none,
136,MF,Lisier,2021-02-13,51,0.729,40,bsth,7.3,8.0,cattle,7.6,8,0.0,0.0,none,
136,MF,Lisier,2021-02-13,52,0.729,40,bsth,7.3,8.0,cattle,8.4,7,0.0,0.0,none,
136,MF,Lisier,2021-02-13,53,0.729,40,bsth,7.3,8.0,cattle,8.6,6,0.0,0.0,none,
136,MF,Lisier,2021-02-13,54,0.729,40,bsth,7.3,8.0,cattle,8.2,5,0.0,0.0,none,
136,MF,Lisier,2021-02-13,55,0.729,40,bsth,7.3,8.0,cattle,8.7,5,0.0,0.0,none,
136,MF,Lisier,2021-02-13,56,0.729,40,bsth,7.3,8.0,cattle,8.7,7,0.5,0.5,none,
136,MF,Lisier,2021-02-13,57,0.729,40,bsth,7.3,8.0,cattle,8.9,8,0.0,0.5,none,
136,MF,Lisier,2021-02-13,58,0.729,40,bsth,7.3,8.0,cattle,9.0,10,0.0,0.5,none,
136,MF,Lisier,2021-02-13,59,0.729,40,bsth,7.3,8.0,cattle,8.9,8,0.0,0.5,none,
136,MF,Lisier,2021-02-13,60,0.729,40,bsth,7.3,8.0,cattle,9.2,8,0.0,0.5,none,
136,MF,Lisier,2021-02-13,61,0.729,40,bsth,7.3,8.0,cattle,9.1,7,0.0,0.5,none,
136,MF,Lisier,2021-02-13,62,0.729,40,bsth,7.3,8.0,cattle,8.9,6,0.0,0.5,none,
136,MF,Lisier,2021-02-13,63,0.729,40,bsth,7.3,8.0,cattle,8.3,8,0.0,0.5,none,
136,MF,Lisier,2021-02-13,64,0.729,40,bsth,7.3,8.0,cattle,8.0,8,0.0,0.5,none,
136,MF,Lisier,2021-02-13,65,0.729,40,bsth,7.3,8.0,cattle,8.0,8,0.0,0.5,none,
136,MF,Lisier,2021-02-13,66,0.729,40,bsth,7.3,8.0,cattle,8.0,8,0.0,0.5,none,
136,MF,Lisier,2021-02-13,67,0.729,40,bsth,7.3,8.0,cattle,8.5,9,0.0,0.5,none,
136,MF,Lisier,2021-02-13,68,0.729,40,bsth,7.3,8.0,cattle,7.8,10,0.0,0.5,none,
136,MF,Lisier,2021-02-13,69,0.729,40,bsth,7.3,8.0,cattle,7.4,11,0.0,0.5,none,
136,MF,Lisier,2021-02-13,70,0.729,40,bsth,7.3,8.0,cattle,8.5,8,0.0,0.5,none,
136,MF,Lisier,2021-02-13,71,0.729,40,bsth,7.3,8.0,cattle,8.3,6,0.0,0.5,none,
136,MF,Lisier,2021-02-13,72,0.729,40,bsth,7.3,8.0,cattle,8.5,7,0.0,0.5,none,
136,MF,Lisier,2021-02-13,73,0.729,40,bsth,7.3,8.0,cattle,9.4,8,0.0,0.5,none,
136,MF,Lisier,2021-02-13,74,0.729,40,bsth,7.3,8.0,cattle,10.3,9,0.0,0.5,none,
136,MF,Lisier,2021-02-13,75,0.729,40,bsth,7.3,8.0,cattle,10.7,7,0.0,0.5,none,
136,MF,Lisier,2021-02-13,76,0.729,40,bsth,7.3,8.0,cattle,10.5,8,0.0,0.5,none,
136,MF,Lisier,2021-02-13,77,0.729,40,bsth,7.3,8.0,cattle,10.5,8,0.0,0.5,none,
136,MF,Lisier,2021-02-13,78,0.729,40,bsth,7.3,8.0,cattle,9.6,8,0.5,1.0,none,
136,MF,Lisier,2021-02-13,79,0.729,40,bsth,7.3,8.0,cattle,9.3,8,0.0,1.0,none,
136,MF,Lisier,2021-02-13,80,0.729,40,bsth,7.3,8.0,cattle,8.6,8,0.5,1.5,none,
136,MF,Lisier,2021-02-13,81,0.729,40,bsth,7.3,8.0,cattle,8.4,7,0.0,1.5,none,
136,MF,Lisier,2021-02-13,82,0.729,40,bsth,7.3,8.0,cattle,8.0,8,0.0,1.5,none,
136,MF,Lisier,2021-02-13,83,0.729,40,bsth,7.3,8.0,cattle,8.0,8,0.0,1.5,none,
136,MF,Lisier,2021-02-13,84,0.729,40,bsth,7.3,8.0,cattle,7.9,8,0.0,1.5,none,
136,MF,Lisier,2021-02-13,85,0.729,40,bsth,7.3,8.0,cattle,7.9,8,0.0,1.5,none,
140,MF,Lisier,2022-02-01,1,31.059,30,bsth,6.5,7.6,cattle,7.3,9,0.0,0.0,none,
140,MF,Lisier,2022-02-01,2,31.059,30,bsth,6.5,7.6,cattle,7.8,8,0.0,0.0,none,
140,MF,Lisier,2022-02-01,3,31.059,30,bsth,6.5,7.6,cattle,8.7,8,0.0,0.0,none,
140,MF,Lisier,2022-02-01,4,31.059,30,bsth,6.5,7.6,cattle,9.0,10,0.0,0.0,none,
140,MF,Lisier,2022-02-01,5,31.059,30,bsth,6.5,7.6,cattle,8.9,9,0.0,0.0,none,
140,MF,Lisier,2022-02-01,6,31.059,30,bsth,6.5,7.6,cattle,8.8,8,0.0,0.0,none,
140,MF,Lisier,2022-02-01,7,31.059,30,bsth,6.5,7.6,cattle,9.3,10,0.0,0.0,none,
140,MF,Lisier,2022-02-01,8,31.059,30,bsth,6.5,7.6,cattle,9.4,10,0.0,0.0,none,
140,MF,Lisier,2022-02-01,9,31.059,30,bsth,6.5,7.6,cattle,9.5,11,0.0,0.0,none,
140,MF,Lisier,2022-02-01,10,31.059,30,bsth,6.5,7.6,cattle,9.7,11,0.0,0.0,none,
140,MF,Lisier,2022-02-01,11,31.059,30,bsth,6.5,7.6,cattle,9.6,11,0.0,0.0,none,
140,MF,Lisier,2022-02-01,12,31.059,30,bsth,6.5,7.6,cattle,9.6,10,0.0,0.0,none,
140,MF,Lisier,2022-02-01,13,31.059,30,bsth,6.5,7.6,cattle,9.8,10,0.0,0.0,none,
140,MF,Lisier,2022-02-01,14,31.059,30,bsth,6.5,7.6,cattle,9.5,8,0.0,0.0,none,
140,MF,Lisier,2022-02-01,15,31.059,30,bsth,6.5,7.6,cattle,9.5,8,0.0,0.0,none,
140,MF,Lisier,2022-02-01,16,31.059,30,bsth,6.5,7.6,cattle,9.6,7,0.0,0.0,none,
140,MF,Lisier,2022-02-01,17,31.059,30,bsth,6.5,7.6,cattle,9.5,7,0.0,0.0,none,
140,MF,Lisier,2022-02-01,18,31.059,30,bsth,6.5,7.6,cattle,9.4,6,0.0,0.0,none,
140,MF,Lisier,2022-02-01,19,31.059,30,bsth,6.5,7.6,cattle,9.2,4,0.0,0.0,none,
140,MF,Lisier,2022-02-01,20,31.059,30,bsth,6.5,7.6,cattle,8.9,6,0.0,0.0,none,
140,MF,Lisier,2022-02-01,21,31.059,30,bsth,6.5,7.6,cattle,8.9,5,0.0,0.0,none,
140,MF,Lisier,2022-02-01,22,31.059,30,bsth,6.5,7.6,cattle,8.9,5,0.0,0.0,none,
140,MF,Lisier,2022-02-01,23,31.059,30,bsth,6.5,7.6,cattle,9.2,7,0.0,0.0,none,
140,MF,Lisier,2022-02-01,24,31.059,30,bsth,6.5,7.6,cattle,9.2,6,0.0,0.0,none,
140,MF,Lisier,2022-02-01,25,31.059,30,bsth,6.5,7.6,cattle,9.7,7,0.0,0.0,none,
140,MF,Lisier,2022-02-01,26,31.059,30,bsth,6.5,7.6,cattle,9.8,8,0.0,0.0,none,
140,MF,Lisier,2022-02-01,27,31.059,30,bsth,6.5,7.6,cattle,9.7,6,0.0,0.0,none,
140,MF,Lisier,2022-02-01,28,31.059,30,bsth,6.5,7.6,cattle,9.3,6,0.0,0.0,none,
140,MF,Lisier,2022-02-01,29,31.059,30,bsth,6.5,7.6,cattle,9.2,6,0.0,0.0,none,
140,MF,Lisier,2022-02-01,30,31.059,30,bsth,6.5,7.6,cattle,8.8,4,0.0,0.0,none,
140,MF,Lisier,2022-02-01,31,31.059,30,bsth,6.5,7.6,cattle,8.5,2,0.0,0.0,none,
140,MF,Lisier,2022-02-01,32,31.059,30,bsth,6.5,7.6,cattle,8.6,4,0.0,0.0,none,
140,MF,Lisier,2022-02-01,33,31.059,30,bsth,6.5,7.6,cattle,8.2,4,0.0,0.0,none,
140,MF,Lisier,2022-02-01,34,31.059,30,bsth,6.5,7.6,cattle,7.8,4,0.0,0.0,none,
140,MF,Lisier,2022-02-01,35,31.059,30,bsth,6.5,7.6,cattle,7.9,3,0.0,0.0,none,
140,MF,Lisier,2022-02-01,36,31.059,30,bsth,6.5,7.6,cattle,7.8,3,0.0,0.0,none,
140,MF,Lisier,2022-02-01,37,31.059,30,bsth,6.5,7.6,cattle,7.7,3,0.0,0.0,none,
140,MF,Lisier,2022-02-01,38,31.059,30,bsth,6.5,7.6,cattle,7.6,4,0.0,0.0,none,
140,MF,Lisier,2022-02-01,39,31.059,30,bsth,6.5,7.6,cattle,7.5,4,0.0,0.0,none,
140,MF,Lisier,2022-02-01,40,31.059,30,bsth,6.5,7.6,cattle,7.2,4,0.0,0.0,none,
140,MF,Lisier,2022-02-01,41,31.059,30,bsth,6.5,7.6,cattle,7.0,6,0.0,0.0,none,
140,MF,Lisier,2022-02-01,42,31.059,30,bsth,6.5,7.6,cattle,6.8,7,0.0,0.0,none,
140,MF,Lisier,2022-02-01,43,31.059,30,bsth,6.5,7.6,cattle,6.6,6,0.0,0.0,none,
140,MF,Lisier,2022-02-01,44,31.059,30,bsth,6.5,7.6,cattle,6.2,7,0.0,0.0,none,
140,MF,Lisier,2022-02-01,45,31.059,30,bsth,6.5,7.6,cattle,6.0,6,0.0,0.0,none,
140,MF,Lisier,2022-02-01,46,31.059,30,bsth,6.5,7.6,cattle,5.9,6,0.0,0.0,none,
140,MF,Lisier,2022-02-01,47,31.059,30,bsth,6.5,7.6,cattle,5.9,6,0.0,0.0,none,
140,MF,Lisier,2022-02-01,48,31.059,30,bsth,6.5,7.6,cattle,6.0,6,0.0,0.0,none,
140,MF,Lisier,2022-02-01,49,31.059,30,bsth,6.5,7.6,cattle,6.0,6,0.0,0.0,none,
140,MF,Lisier,2022-02-01,50,31.059,30,bsth,6.5,7.6,cattle,6.3,5,0.0,0.0,none,
140,MF,Lisier,2022-02-01,51,31.059,30,bsth,6.5,7.6,cattle,6.9,6,0.0,0.0,none,
140,MF,Lisier,2022-02-01,52,31.059,30,bsth,6.5,7.6,cattle,7.4,4,0.0,0.0,none,
140,MF,Lisier,2022-02-01,53,31.059,30,bsth,6.5,7.6,cattle,7.4,4,0.0,0.0,none,
140,MF,Lisier,2022-02-01,54,31.059,30,bsth,6.5,7.6,cattle,7.5,4,0.0,0.0,none,
140,MF,Lisier,2022-02-01,55,31.059,30,bsth,6.5,7.6,cattle,7.5,4,0.0,0.0,none,
140,MF,Lisier,2022-02-01,56,31.059,30,bsth,6.5,7.6,cattle,7.1,6,0.0,0.0,none,
140,MF,Lisier,2022-02-01,57,31.059,30,bsth,6.5,7.6,cattle,6.9,6,0.0,0.0,none,
140,MF,Lisier,2022-02-01,58,31.059,30,bsth,6.5,7.6,cattle,6.8,6,0.0,0.0,none,
140,MF,Lisier,2022-02-01,59,31.059,30,bsth,6.5,7.6,cattle,6.6,6,0.0,0.0,none,
140,MF,Lisier,2022-02-01,60,31.059,30,bsth,6.5,7.6,cattle,6.7,6,0.0,0.0,none,
140,MF,Lisier,2022-02-01,61,31.059,30,bsth,6.5,7.6,cattle,6.6,6,0.0,0.0,none,
140,MF,Lisier,2022-02-01,62,31.059,30,bsth,6.5,7.6,cattle,6.8,6,0.0,0.0,none,
140,MF,Lisier,2022-02-01,63,31.059,30,bsth,6.5,7.6,cattle,6.5,5,0.0,0.0,none,
140,MF,Lisier,2022-02-01,64,31.059,30,bsth,6.5,7.6,cattle,6.3,6,0.0,0.0,none,
140,MF,Lisier,2022-02-01,65,31.059,30,bsth,6.5,7.6,cattle,6.7,6,0.0,0.0,none,
140,MF,Lisier,2022-02-01,66,31.059,30,bsth,6.5,7.6,cattle,6.7,7,0.0,0.0,none,
140,MF,Lisier,2022-02-01,67,31.059,30,bsth,6.5,7.6,cattle,6.9,6,0.0,0.0,none,
140,MF,Lisier,2022-02-01,68,31.059,30,bsth,6.5,7.6,cattle,7.1,7,0.0,0.0,none,
140,MF,Lisier,2022-02-01,69,31.059,30,bsth,6.5,7.6,cattle,7.1,7,0.0,0.0,none,
140,MF,Lisier,2022-02-01,70,31.059,30,bsth,6.5,7.6,cattle,7.3,6,0.0,0.0,none,
140,MF,Lisier,2022-02-01,71,31.059,30,bsth,6.5,7.6,cattle,7.8,7,0.0,0.0,none,
140,MF,Lisier,2022-02-01,72,31.059,30,bsth,6.5,7.6,cattle,8.6,8,0.0,0.0,none,
140,MF,Lisier,2022-02-01,73,31.059,30,bsth,6.5,7.6,cattle,10.4,10,0.0,0.0,none,
140,MF,Lisier,2022-02-01,74,31.059,30,bsth,6.5,7.6,cattle,10.7,13,0.0,0.0,none,
140,MF,Lisier,2022-02-01,75,31.059,30,bsth,6.5,7.6,cattle,9.9,11,0.0,0.0,none,
140,MF,Lisier,2022-02-01,76,31.059,30,bsth,6.5,7.6,cattle,7.2,11,0.5,0.5,none,
140,MF,Lisier,2022-02-01,77,31.059,30,bsth,6.5,7.6,cattle,6.4,11,0.0,0.5,none,
140,MF,Lisier,2022-02-01,78,31.059,30,bsth,6.5,7.6,cattle,5.9,7,0.0,0.5,none,
140,MF,Lisier,2022-02-01,79,31.059,30,bsth,6.5,7.6,cattle,5.2,7,0.0,0.5,none,
140,MF,Lisier,2022-02-01,80,31.059,30,bsth,6.5,7.6,cattle,3.7,5,0.0,0.5,none,
140,MF,Lisier,2022-02-01,81,31.059,30,bsth,6.5,7.6,cattle,4.0,4,0.0,0.5,none,
140,MF,Lisier,2022-02-01,82,31.059,30,bsth,6.5,7.6,cattle,3.8,4,0.0,0.5,none,
140,MF,Lisier,2022-02-01,83,31.059,30,bsth,6.5,7.6,cattle,2.9,4,0.0,0.5,none,
140,MF,Lisier,2022-02-01,84,31.059,30,bsth,6.5,7.6,cattle,3.1,3,0.0,0.5,none,
140,MF,Lisier,2022-02-01,85,31.059,30,bsth,6.5,7.6,cattle,2.2,4,0.0,0.5,none,
141,MF,Lisier,2022-04-21,1,41.067,35,bsth,6.5,7.6,cattle,17.5,8,0.0,0.0,none,
141,MF,Lisier,2022-04-21,2,41.067,35,bsth,6.5,7.6,cattle,17.7,10,0.0,0.0,none,
141,MF,Lisier,2022-04-21,3,41.067,35,bsth,6.5,7.6,cattle,17.6,8,0.0,0.0,none,
141,MF,Lisier,2022-04-21,4,41.067,35,bsth,6.5,7.6,cattle,18.0,8,0.0,0.0,none,
141,MF,Lisier,2022-04-21,5,41.067,35,bsth,6.5,7.6,cattle,18.2,8,0.0,0.0,none,
141,MF,Lisier,2022-04-21,6,41.067,35,bsth,6.5,7.6,cattle,17.4,7,0.0,0.0,none,
141,MF,Lisier,2022-04-21,7,41.067,35,bsth,6.5,7.6,cattle,15.1,6,0.0,0.0,none,
141,MF,Lisier,2022-04-21,8,41.067,35,bsth,6.5,7.6,cattle,13.2,4,0.0,0.0,none,
141,MF,Lisier,2022-04-21,9,41.067,35,bsth,6.5,7.6,cattle,13.6,2,0.0,0.0,none,
141,MF,Lisier,2022-04-21,10,41.067,35,bsth,6.5,7.6,cattle,12.6,4,0.0,0.0,none,
141,MF,Lisier,2022-04-21,11,41.067,35,bsth,6.5,7.6,cattle,12.3,4,0.0,0.0,none,
141,MF,Lisier,2022-04-21,12,41.067,35,bsth,6.5,7.6,cattle,10.7,3,0.0,0.0,none,
141,MF,Lisier,2022-04-21,13,41.067,35,bsth,6.5,7.6,cattle,9.1,2,0.0,0.0,none,
141,MF,Lisier,2022-04-21,14,41.067,35,bsth,6.5,7.6,cattle,9.0,3,0.0,0.0,none,
141,MF,Lisier,2022-04-21,15,41.067,35,bsth,6.5,7.6,cattle,8.0,2,0.0,0.0,none,
141,MF,Lisier,2022-04-21,16,41.067,35,bsth,6.5,7.6,cattle,6.5,2,0.0,0.0,none,
141,MF,Lisier,2022-04-21,17,41.067,35,bsth,6.5,7.6,cattle,6.3,2,0.0,0.0,none,
141,MF,Lisier,2022-04-21,18,41.067,35,bsth,6.5,7.6,cattle,6.0,2,0.0,0.0,none,
141,MF,Lisier,2022-04-21,19,41.067,35,bsth,6.5,7.6,cattle,8.4,1,0.0,0.0,none,
141,MF,Lisier,2022-04-21,20,41.067,35,bsth,6.5,7.6,cattle,10.7,4,0.0,0.0,none,
141,MF,Lisier,2022-04-21,21,41.067,35,bsth,6.5,7.6,cattle,13.0,6,0.0,0.0,none,
141,MF,Lisier,2022-04-21,22,41.067,35,bsth,6.5,7.6,cattle,14.6,6,0.0,0.0,none,
141,MF,Lisier,2022-04-21,23,41.067,35,bsth,6.5,7.6,cattle,15.4,8,0.0,0.0,none,
141,MF,Lisier,2022-04-21,24,41.067,35,bsth,6.5,7.6,cattle,16.1,8,0.0,0.0,none,
141,MF,Lisier,2022-04-21,25,41.067,35,bsth,6.5,7.6,cattle,16.9,10,0.0,0.0,none,
141,MF,Lisier,2022-04-21,26,41.067,35,bsth,6.5,7.6,cattle,17.3,8,0.0,0.0,none,
141,MF,Lisier,2022-04-21,27,41.067,35,bsth,6.5,7.6,cattle,18.2,6,0.0,0.0,none,
141,MF,Lisier,2022-04-21,28,41.067,35,bsth,6.5,7.6,cattle,17.8,8,0.0,0.0,none,
141,MF,Lisier,2022-04-21,29,41.067,35,bsth,6.5,7.6,cattle,18.1,5,0.0,0.0,none,
141,MF,Lisier,2022-04-21,30,41.067,35,bsth,6.5,7.6,cattle,17.3,6,0.0,0.0,none,
141,MF,Lisier,2022-04-21,31,41.067,35,bsth,6.5,7.6,cattle,14.6,6,0.0,0.0,none,
141,MF,Lisier,2022-04-21,32,41.067,35,bsth,6.5,7.6,cattle,12.8,4,0.0,0.0,none,
141,MF,Lisier,2022-04-21,33,41.067,35,bsth,6.5,7.6,cattle,12.8,5,0.0,0.0,none,
141,MF,Lisier,2022-04-21,34,41.067,35,bsth,6.5,7.6,cattle,11.8,5,0.0,0.0,none,
141,MF,Lisier,2022-04-21,35,41.067,35,bsth,6.5,7.6,cattle,10.2,4,0.0,0.0,none,
141,MF,Lisier,2022-04-21,36,41.067,35,bsth,6.5,7.6,cattle,9.6,4,0.0,0.0,none,
141,MF,Lisier,2022-04-21,37,41.067,35,bsth,6.5,7.6,cattle,8.6,3,0.0,0.0,none,
141,MF,Lisier,2022-04-21,38,41.067,35,bsth,6.5,7.6,cattle,7.8,2,0.0,0.0,none,
141,MF,Lisier,2022-04-21,39,41.067,35,bsth,6.5,7.6,cattle,7.8,2,0.0,0.0,none,
141,MF,Lisier,2022-04-21,40,41.067,35,bsth,6.5,7.6,cattle,7.3,2,0.0,0.0,none,
141,MF,Lisier,2022-04-21,41,41.067,35,bsth,6.5,7.6,cattle,7.4,3,0.0,0.0,none,
141,MF,Lisier,2022-04-21,42,41.067,35,bsth,6.5,7.6,cattle,8.0,5,0.0,0.0,none,
141,MF,Lisier,2022-04-21,43,41.067,35,bsth,6.5,7.6,cattle,9.1,5,0.0,0.0,none,
141,MF,Lisier,2022-04-21,44,41.067,35,bsth,6.5,7.6,cattle,10.0,4,0.0,0.0,none,
141,MF,Lisier,2022-04-21,45,41.067,35,bsth,6.5,7.6,cattle,11.3,4,0.0,0.0,none,
141,MF,Lisier,2022-04-21,46,41.067,35,bsth,6.5,7.6,cattle,12.8,5,0.0,0.0,none,
141,MF,Lisier,2022-04-21,47,41.067,35,bsth,6.5,7.6,cattle,13.8,5,0.0,0.0,none,
141,MF,Lisier,2022-04-21,48,41.067,35,bsth,6.5,7.6,cattle,15.7,6,0.0,0.0,none,
141,MF,Lisier,2022-04-21,49,41.067,35,bsth,6.5,7.6,cattle,16.9,6,0.0,0.0,none,
141,MF,Lisier,2022-04-21,50,41.067,35,bsth,6.5,7.6,cattle,18.4,7,0.0,0.0,none,
141,MF,Lisier,2022-04-21,51,41.067,35,bsth,6.5,7.6,cattle,18.5,7,0.0,0.0,none,
141,MF,Lisier,2022-04-21,52,41.067,35,bsth,6.5,7.6,cattle,15.4,10,0.0,0.0,none,
141,MF,Lisier,2022-04-21,53,41.067,35,bsth,6.5,7.6,cattle,16.2,8,0.0,0.0,none,
141,MF,Lisier,2022-04-21,54,41.067,35,bsth,6.5,7.6,cattle,16.4,8,0.0,0.0,none,
141,MF,Lisier,2022-04-21,55,41.067,35,bsth,6.5,7.6,cattle,15.6,6,0.0,0.0,none,
141,MF,Lisier,2022-04-21,56,41.067,35,bsth,6.5,7.6,cattle,15.0,6,0.0,0.0,none,
141,MF,Lisier,2022-04-21,57,41.067,35,bsth,6.5,7.6,cattle,13.5,6,0.0,0.0,none,
141,MF,Lisier,2022-04-21,58,41.067,35,bsth,6.5,7.6,cattle,12.9,4,0.0,0.0,none,
141,MF,Lisier,2022-04-21,59,41.067,35,bsth,6.5,7.6,cattle,12.7,4,0.0,0.0,none,
141,MF,Lisier,2022-04-21,60,41.067,35,bsth,6.5,7.6,cattle,12.2,5,0.0,0.0,none,
141,MF,Lisier,2022-04-21,61,41.067,35,bsth,6.5,7.6,cattle,10.8,2,0.0,0.0,none,
141,MF,Lisier,2022-04-21,62,41.067,35,bsth,6.5,7.6,cattle,9.5,2,0.0,0.0,none,
141,MF,Lisier,2022-04-21,63,41.067,35,bsth,6.5,7.6,cattle,9.5,3,0.0,0.0,none,
141,MF,Lisier,2022-04-21,64,41.067,35,bsth,6.5,7.6,cattle,8.6,2,0.0,0.0,none,
141,MF,Lisier,2022-04-21,65,41.067,35,bsth,6.5,7.6,cattle,9.0,1,0.0,0.0,none,
141,MF,Lisier,2022-04-21,66,41.067,35,bsth,6.5,7.6,cattle,7.4,2,0.0,0.0,none,
141,MF,Lisier,2022-04-21,67,41.067,35,bsth,6.5,7.6,cattle,9.0,2,0.0,0.0,none,
141,MF,Lisier,2022-04-21,68,41.067,35,bsth,6.5,7.6,cattle,11.5,3,0.0,0.0,none,
141,MF,Lisier,2022-04-21,69,41.067,35,bsth,6.5,7.6,cattle,13.4,4,0.0,0.0,none,
141,MF,Lisier,2022-04-21,70,41.067,35,bsth,6.5,7.6,cattle,15.0,4,0.0,0.0,none,
141,MF,Lisier,2022-04-21,71,41.067,35,bsth,6.5,7.6,cattle,15.5,6,0.0,0.0,none,
141,MF,Lisier,2022-04-21,72,41.067,35,bsth,6.5,7.6,cattle,16.6,6,0.0,0.0,none,
141,MF,Lisier,2022-04-21,73,41.067,35,bsth,6.5,7.6,cattle,17.2,7,0.0,0.0,none,
141,MF,Lisier,2022-04-21,74,41.067,35,bsth,6.5,7.6,cattle,18.1,7,0.0,0.0,none,
141,MF,Lisier,2022-04-21,75,41.067,35,bsth,6.5,7.6,cattle,18.2,6,0.0,0.0,none,
141,MF,Lisier,2022-04-21,76,41.067,35,bsth,6.5,7.6,cattle,17.2,5,0.0,0.0,none,
141,MF,Lisier,2022-04-21,77,41.067,35,bsth,6.5,7.6,cattle,16.4,5,0.0,0.0,none,
141,MF,Lisier,2022-04-21,78,41.067,35,bsth,6.5,7.6,cattle,15.4,5,0.0,0.0,none,
141,MF,Lisier,2022-04-21,79,41.067,35,bsth,6.5,7.6,cattle,16.0,3,0.0,0.0,none,
141,MF,Lisier,2022-04-21,80,41.067,35,bsth,6.5,7.6,cattle,15.3,4,0.0,0.0,none,
141,MF,Lisier,2022-04-21,81,41.067,35,bsth,6.5,7.6,cattle,14.3,4,0.0,0.0,none,
141,MF,Lisier,2022-04-21,82,41.067,35,bsth,6.5,7.6,cattle,13.3,6,0.0,0.0,none,
141,MF,Lisier,2022-04-21,83,41.067,35,bsth,6.5,7.6,cattle,12.0,4,0.0,0.0,none,
141,MF,Lisier,2022-04-21,84,41.067,35,bsth,6.5,7.6,cattle,11.3,3,0.0,0.0,none,
141,MF,Lisier,2022-04-21,85,41.067,35,bsth,6.5,7.6,cattle,11.3,4,0.0,0.0,none,
143,MF,Lisier,2022-09-15,1,36.236,35,bsth,6.5,7.6,cattle,21.7,4,0.0,0.0,shallow,0.5
143,MF,Lisier,2022-09-15,2,36.236,35,bsth,6.5,7.6,cattle,21.4,6,0.0,0.0,shallow,0.5
143,MF,Lisier,2022-09-15,3,36.236,35,bsth,6.5,7.6,cattle,21.5,8,0.0,0.0,shallow,0.5
143,MF,Lisier,2022-09-15,4,36.236,35,bsth,6.5,7.6,cattle,21.5,8,0.0,0.0,shallow,0.5
143,MF,Lisier,2022-09-15,5,36.236,35,bsth,6.5,7.6,cattle,21.0,8,0.0,0.0,shallow,0.5
143,MF,Lisier,2022-09-15,6,36.236,35,bsth,6.5,7.6,cattle,19.8,8,0.0,0.0,shallow,0.5
143,MF,Lisier,2022-09-15,7,36.236,35,bsth,6.5,7.6,cattle,18.3,8,0.0,0.0,shallow,0.5
143,MF,Lisier,2022-09-15,8,36.236,35,bsth,6.5,7.6,cattle,17.7,6,0.0,0.0,shallow,0.5
143,MF,Lisier,2022-09-15,9,36.236,35,bsth,6.5,7.6,cattle,16.9,6,0.0,0.0,shallow,0.5
143,MF,Lisier,2022-09-15,10,36.236,35,bsth,6.5,7.6,cattle,16.2,5,0.0,0.0,shallow,0.5
143,MF,Lisier,2022-09-15,11,36.236,35,bsth,6.5,7.6,cattle,15.1,4,0.0,0.0,shallow,0.5
143,MF,Lisier,2022-09-15,12,36.236,35,bsth,6.5,7.6,cattle,14.0,2,0.0,0.0,shallow,0.5
143,MF,Lisier,2022-09-15,13,36.236,35,bsth,6.5,7.6,cattle,12.6,1,0.0,0.0,shallow,0.5
143,MF,Lisier,2022-09-15,14,36.236,35,bsth,6.5,7.6,cattle,11.5,2,0.0,0.0,shallow,0.5
143,MF,Lisier,2022-09-15,15,36.236,35,bsth,6.5,7.6,cattle,11.1,2,0.0,0.0,shallow,0.5
143,MF,Lisier,2022-09-15,16,36.236,35,bsth,6.5,7.6,cattle,10.7,2,0.0,0.0,shallow,0.5
143,MF,Lisier,2022-09-15,17,36.236,35,bsth,6.5,7.6,cattle,10.6,2,0.0,0.0,shallow,0.5
143,MF,Lisier,2022-09-15,18,36.236,35,bsth,6.5,7.6,cattle,10.0,2,0.0,0.0,shallow,0.5
143,MF,Lisier,2022-09-15,19,36.236,35,bsth,6.5,7.6,cattle,10.9,2,0.0,0.0,shallow,0.5
143,MF,Lisier,2022-09-15,20,36.236,35,bsth,6.5,7.6,cattle,12.1,2,0.0,0.0,shallow,0.5
143,MF,Lisier,2022-09-15,21,36.236,35,bsth,6.5,7.6,cattle,13.1,2,0.0,0.0,shallow,0.5
143,MF,Lisier,2022-09-15,22,36.236,35,bsth,6.5,7.6,cattle,14.6,2,0.0,0.0,shallow,0.5
143,MF,Lisier,2022-09-15,23,36.236,35,bsth,6.5,7.6,cattle,16.3,4,0.0,0.0,shallow,0.5
143,MF,Lisier,2022-09-15,24,36.236,35,bsth,6.5,7.6,cattle,16.9,4,0.0,0.0,shallow,0.5
143,MF,Lisier,2022-09-15,25,36.236,35,bsth,6.5,7.6,cattle,16.3,7,0.0,0.0,shallow,0.5
143,MF,Lisier,2022-09-15,26,36.236,35,bsth,6.5,7.6,cattle,16.3,5,0.0,0.0,shallow,0.5
143,MF,Lisier,2022-09-15,27,36.236,35,bsth,6.5,7.6,cattle,17.1,6,0.0,0.0,shallow,0.5
143,MF,Lisier,2022-09-15,28,36.236,35,bsth,6.5,7.6,cattle,15.5,8,0.0,0.0,shallow,0.5
143,MF,Lisier,2022-09-15,29,36.236,35,bsth,6.5,7.6,cattle,16.0,6,0.0,0.0,shallow,0.5
143,MF,Lisier,2022-09-15,30,36.236,35,bsth,6.5,7.6,cattle,16.3,8,0.0,0.0,shallow,0.5
143,MF,Lisier,2022-09-15,31,36.236,35,bsth,6.5,7.6,cattle,12.7,10,0.0,0.0,shallow,0.5
143,MF,Lisier,2022-09-15,32,36.236,35,bsth,6.5,7.6,cattle,12.1,6,0.0,0.0,shallow,0.5
143,MF,Lisier,2022-09-15,33,36.236,35,bsth,6.5,7.6,cattle,10.8,3,0.0,0.0,shallow,0.5
143,MF,Lisier,2022-09-15,34,36.236,35,bsth,6.5,7.6,cattle,10.2,2,0.0,0.0,shallow,0.5
143,MF,Lisier,2022-09-15,35,36.236,35,bsth,6.5,7.6,cattle,10.1,2,0.0,0.0,shallow,0.5
143,MF,Lisier,2022-09-15,36,36.236,35,bsth,6.5,7.6,cattle,10.5,3,0.0,0.0,shallow,0.5
143,MF,Lisier,2022-09-15,37,36.236,35,bsth,6.5,7.6,cattle,8.8,2,0.0,0.0,shallow,0.5
143,MF,Lisier,2022-09-15,38,36.236,35,bsth,6.5,7.6,cattle,8.1,2,0.0,0.0,shallow,0.5
143,MF,Lisier,2022-09-15,39,36.236,35,bsth,6.5,7.6,cattle,8.6,3,0.0,0.0,shallow,0.5
143,MF,Lisier,2022-09-15,40,36.236,35,bsth,6.5,7.6,cattle,7.7,2,0.0,0.0,shallow,0.5
143,MF,Lisier,2022-09-15,41,36.236,35,bsth,6.5,7.6,cattle,6.7,3,0.0,0.0,shallow,0.5
143,MF,Lisier,2022-09-15,42,36.236,35,bsth,6.5,7.6,cattle,6.7,4,0.0,0.0,shallow,0.5
143,MF,Lisier,2022-09-15,43,36.236,35,bsth,6.5,7.6,cattle,7.2,3,0.0,0.0,shallow,0.5
143,MF,Lisier,2022-09-15,44,36.236,35,bsth,6.5,7.6,cattle,8.5,4,0.0,0.0,shallow,0.5
143,MF,Lisier,2022-09-15,45,36.236,35,bsth,6.5,7.6,cattle,11.2,4,0.0,0.0,shallow,0.5
143,MF,Lisier,2022-09-15,46,36.236,35,bsth,6.5,7.6,cattle,13.3,7,0.0,0.0,shallow,0.5
143,MF,Lisier,2022-09-15,47,36.236,35,bsth,6.5,7.6,cattle,13.7,7,0.0,0.0,shallow,0.5
143,MF,Lisier,2022-09-15,48,36.236,35,bsth,6.5,7.6,cattle,15.3,8,0.0,0.0,shallow,0.5
143,MF,Lisier,2022-09-15,49,36.236,35,bsth,6.5,7.6,cattle,14.5,9,0.0,0.0,shallow,0.5
143,MF,Lisier,2022-09-15,50,36.236,35,bsth,6.5,7.6,cattle,16.4,10,0.0,0.0,shallow,0.5
143,MF,Lisier,2022-09-15,51,36.236,35,bsth,6.5,7.6,cattle,16.5,10,0.0,0.0,shallow,0.5
143,MF,Lisier,2022-09-15,52,36.236,35,bsth,6.5,7.6,cattle,16.6,8,0.0,0.0,shallow,0.5
143,MF,Lisier,2022-09-15,53,36.236,35,bsth,6.5,7.6,cattle,15.9,8,0.0,0.0,shallow,0.5
143,MF,Lisier,2022-09-15,54,36.236,35,bsth,6.5,7.6,cattle,15.1,7,0.0,0.0,shallow,0.5
143,MF,Lisier,2022-09-15,55,36.236,35,bsth,6.5,7.6,cattle,13.4,7,0.0,0.0,shallow,0.5
143,MF,Lisier,2022-09-15,56,36.236,35,bsth,6.5,7.6,cattle,12.2,5,0.0,0.0,shallow,0.5
143,MF,Lisier,2022-09-15,57,36.236,35,bsth,6.5,7.6,cattle,10.9,3,0.0,0.0,shallow,0.5
143,MF,Lisier,2022-09-15,58,36.236,35,bsth,6.5,7.6,cattle,10.0,2,0.0,0.0,shallow,0.5
143,MF,Lisier,2022-09-15,59,36.236,35,bsth,6.5,7.6,cattle,9.0,2,0.0,0.0,shallow,0.5
143,MF,Lisier,2022-09-15,60,36.236,35,bsth,6.5,7.6,cattle,8.1,1,0.0,0.0,shallow,0.5
143,MF,Lisier,2022-09-15,61,36.236,35,bsth,6.5,7.6,cattle,7.7,1,0.0,0.0,shallow,0.5
143,MF,Lisier,2022-09-15,62,36.236,35,bsth,6.5,7.6,cattle,7.2,1,0.0,0.0,shallow,0.5
143,MF,Lisier,2022-09-15,63,36.236,35,bsth,6.5,7.6,cattle,6.2,2,0.0,0.0,shallow,0.5
143,MF,Lisier,2022-09-15,64,36.236,35,bsth,6.5,7.6,cattle,6.0,1,0.0,0.0,shallow,0.5
143,MF,Lisier,2022-09-15,65,36.236,35,bsth,6.5,7.6,cattle,5.7,1,0.0,0.0,shallow,0.5
143,MF,Lisier,2022-09-15,66,36.236,35,bsth,6.5,7.6,cattle,4.9,1,0.0,0.0,shallow,0.5
143,MF,Lisier,2022-09-15,67,36.236,35,bsth,6.5,7.6,cattle,5.3,1,0.0,0.0,shallow,0.5
143,MF,Lisier,2022-09-15,68,36.236,35,bsth,6.5,7.6,cattle,8.1,2,0.0,0.0,shallow,0.5
143,MF,Lisier,2022-09-15,69,36.236,35,bsth,6.5,7.6,cattle,10.0,4,0.0,0.0,shallow,0.5
143,MF,Lisier,2022-09-15,70,36.236,35,bsth,6.5,7.6,cattle,13.2,3,0.0,0.0,shallow,0.5
143,MF,Lisier,2022-09-15,71,36.236,35,bsth,6.5,7.6,cattle,16.1,5,0.0,0.0,shallow,0.5
143,MF,Lisier,2022-09-15,72,36.236,35,bsth,6.5,7.6,cattle,17.4,8,0.0,0.0,shallow,0.5
143,MF,Lisier,2022-09-15,73,36.236,35,bsth,6.5,7.6,cattle,18.6,8,0.5,0.5,shallow,0.5
143,MF,Lisier,2022-09-15,74,36.236,35,bsth,6.5,7.6,cattle,17.5,8,0.0,0.5,shallow,0.5
143,MF,Lisier,2022-09-15,75,36.236,35,bsth,6.5,7.6,cattle,19.5,8,0.0,0.5,shallow,0.5
143,MF,Lisier,2022-09-15,76,36.236,35,bsth,6.5,7.6,cattle,18.8,8,0.0,0.5,shallow,0.5
143,MF,Lisier,2022-09-15,77,36.236,35,bsth,6.5,7.6,cattle,18.4,8,0.0,0.5,shallow,0.5
143,MF,Lisier,2022-09-15,78,36.236,35,bsth,6.5,7.6,cattle,16.9,8,0.0,0.5,shallow,0.5
143,MF,Lisier,2022-09-15,79,36.236,35,bsth,6.5,7.6,cattle,14.5,7,0.0,0.5,shallow,0.5
143,MF,Lisier,2022-09-15,80,36.236,35,bsth,6.5,7.6,cattle,13.1,6,0.0,0.5,shallow,0.5
143,MF,Lisier,2022-09-15,81,36.236,35,bsth,6.5,7.6,cattle,12.0,3,0.0,0.5,shallow,0.5
143,MF,Lisier,2022-09-15,82,36.236,35,bsth,6.5,7.6,cattle,10.1,2,0.0,0.5,shallow,0.5
143,MF,Lisier,2022-09-15,83,36.236,35,bsth,6.5,7.6,cattle,10.1,1,0.0,0.5,shallow,0.5
143,MF,Lisier,2022-09-15,84,36.236,35,bsth,6.5,7.6,cattle,9.2,2,0.0,0.5,shallow,0.5
143,MF,Lisier,2022-09-15,85,36.236,35,bsth,6.5,7.6,cattle,10.2,2,0.0,0.5,shallow,0.5
148,MF,Lisier,2024-04-19,1,49.368,70,bsth,2.3,8.6,cattle,14.1,10,0.0,0.0,shallow,0.5
148,MF,Lisier,2024-04-19,2,49.368,70,bsth,2.3,8.6,cattle,15.8,10,0.0,0.0,shallow,0.5
148,MF,Lisier,2024-04-19,3,49.368,70,bsth,2.3,8.6,cattle,16.1,9,0.0,0.0,shallow,0.5
148,MF,Lisier,2024-04-19,4,49.368,70,bsth,2.3,8.6,cattle,15.8,11,0.0,0.0,shallow,0.5
148,MF,Lisier,2024-04-19,5,49.368,70,bsth,2.3,8.6,cattle,16.2,10,0.0,0.0,shallow,0.5
148,MF,Lisier,2024-04-19,6,49.368,70,bsth,2.3,8.6,cattle,15.9,8,0.0,0.0,shallow,0.5
148,MF,Lisier,2024-04-19,7,49.368,70,bsth,2.3,8.6,cattle,13.9,6,0.0,0.0,shallow,0.5
148,MF,Lisier,2024-04-19,8,49.368,70,bsth,2.3,8.6,cattle,12.3,6,2.0,2.0,shallow,0.5
148,MF,Lisier,2024-04-19,9,49.368,70,bsth,2.3,8.6,cattle,11.1,4,0.5,2.5,shallow,0.5
148,MF,Lisier,2024-04-19,10,49.368,70,bsth,2.3,8.6,cattle,10.5,3,0.0,2.5,shallow,0.5
148,MF,Lisier,2024-04-19,11,49.368,70,bsth,2.3,8.6,cattle,9.7,4,0.0,2.5,shallow,0.5
148,MF,Lisier,2024-04-19,12,49.368,70,bsth,2.3,8.6,cattle,9.1,4,0.0,2.5,shallow,0.5
148,MF,Lisier,2024-04-19,13,49.368,70,bsth,2.3,8.6,cattle,8.3,2,0.0,2.5,shallow,0.5
148,MF,Lisier,2024-04-19,14,49.368,70,bsth,2.3,8.6,cattle,6.4,2,0.0,2.5,shallow,0.5
148,MF,Lisier,2024-04-19,15,49.368,70,bsth,2.3,8.6,cattle,5.7,2,0.0,2.5,shallow,0.5
148,MF,Lisier,2024-04-19,16,49.368,70,bsth,2.3,8.6,cattle,5.2,3,0.0,2.5,shallow,0.5
148,MF,Lisier,2024-04-19,17,49.368,70,bsth,2.3,8.6,cattle,5.4,3,0.0,2.5,shallow,0.5
148,MF,Lisier,2024-04-19,18,49.368,70,bsth,2.3,8.6,cattle,5.2,3,0.0,2.5,shallow,0.5
148,MF,Lisier,2024-04-19,19,49.368,70,bsth,2.3,8.6,cattle,6.0,3,0.0,2.5,shallow,0.5
148,MF,Lisier,2024-04-19,20,49.368,70,bsth,2.3,8.6,cattle,8.4,3,0.0,2.5,shallow,0.5
148,MF,Lisier,2024-04-19,21,49.368,70,bsth,2.3,8.6,cattle,10.9,8,0.0,2.5,shallow,0.5
148,MF,Lisier,2024-04-19,22,49.368,70,bsth,2.3,8.6,cattle,12.3,8,0.0,2.5,shallow,0.5
148,MF,Lisier,2024-04-19,23,49.368,70,bsth,2.3,8.6,cattle,15.0,6,0.0,2.5,shallow,0.5
148,MF,Lisier,2024-04-19,24,49.368,70,bsth,2.3,8.6,cattle,16.4,6,0.0,2.5,shallow,0.5
148,MF,Lisier,2024-04-19,25,49.368,70,bsth,2.3,8.6,cattle,17.6,7,0.0,2.5,shallow,0.5
148,MF,Lisier,2024-04-19,26,49.368,70,bsth,2.3,8.6,cattle,18.4,8,0.0,2.5,shallow,0.5
148,MF,Lisier,2024-04-19,27,49.368,70,bsth,2.3,8.6,cattle,19.0,8,0.0,2.5,shallow,0.5
148,MF,Lisier,2024-04-19,28,49.368,70,bsth,2.3,8.6,cattle,18.7,8,0.0,2.5,shallow,0.5
148,MF,Lisier,2024-04-19,29,49.368,70,bsth,2.3,8.6,cattle,17.0,8,0.0,2.5,shallow,0.5
148,MF,Lisier,2024-04-19,30,49.368,70,bsth,2.3,8.6,cattle,15.9,8,0.0,2.5,shallow,0.5
148,MF,Lisier,2024-04-19,31,49.368,70,bsth,2.3,8.6,cattle,14.4,8,0.0,2.5,shallow,0.5
148,MF,Lisier,2024-04-19,32,49.368,70,bsth,2.3,8.6,cattle,13.0,6,0.0,2.5,shallow,0.5
148,MF,Lisier,2024-04-19,33,49.368,70,bsth,2.3,8.6,cattle,11.3,4,0.0,2.5,shallow,0.5
148,MF,Lisier,2024-04-19,34,49.368,70,bsth,2.3,8.6,cattle,11.4,3,0.0,2.5,shallow,0.5
148,MF,Lisier,2024-04-19,35,49.368,70,bsth,2.3,8.6,cattle,11.8,4,0.0,2.5,shallow,0.5
148,MF,Lisier,2024-04-19,36,49.368,70,bsth,2.3,8.6,cattle,10.3,3,0.0,2.5,shallow,0.5
148,MF,Lisier,2024-04-19,37,49.368,70,bsth,2.3,8.6,cattle,10.0,2,0.0,2.5,shallow,0.5
148,MF,Lisier,2024-04-19,38,49.368,70,bsth,2.3,8.6,cattle,8.3,2,0.0,2.5,shallow,0.5
148,MF,Lisier,2024-04-19,39,49.368,70,bsth,2.3,8.6,cattle,8.3,2,0.0,2.5,shallow,0.5
148,MF,Lisier,2024-04-19,40,49.368,70,bsth,2.3,8.6,cattle,6.8,2,0.0,2.5,shallow,0.5
148,MF,Lisier,2024-04-19,41,49.368,70,bsth,2.3,8.6,cattle,6.5,3,0.0,2.5,shallow,0.5
148,MF,Lisier,2024-04-19,42,49.368,70,bsth,2.3,8.6,cattle,6.2,2,0.0,2.5,shallow,0.5
148,MF,Lisier,2024-04-19,43,49.368,70,bsth,2.3,8.6,cattle,7.7,3,0.0,2.5,shallow,0.5
148,MF,Lisier,2024-04-19,44,49.368,70,bsth,2.3,8.6,cattle,10.0,3,0.0,2.5,shallow,0.5
148,MF,Lisier,2024-04-19,45,49.368,70,bsth,2.3,8.6,cattle,11.8,6,0.0,2.5,shallow,0.5
148,MF,Lisier,2024-04-19,46,49.368,70,bsth,2.3,8.6,cattle,14.3,8,0.0,2.5,shallow,0.5
148,MF,Lisier,2024-04-19,47,49.368,70,bsth,2.3,8.6,cattle,15.1,8,0.0,2.5,shallow,0.5
148,MF,Lisier,2024-04-19,48,49.368,70,bsth,2.3,8.6,cattle,16.2,8,0.0,2.5,shallow,0.5
148,MF,Lisier,2024-04-19,49,49.368,70,bsth,2.3,8.6,cattle,17.5,10,0.0,2.5,shallow,0.5
148,MF,Lisier,2024-04-19,50,49.368,70,bsth,2.3,8.6,cattle,17.7,10,1.0,3.5,shallow,0.5
148,MF,Lisier,2024-04-19,51,49.368,70,bsth,2.3,8.6,cattle,17.6,12,0.0,3.5,shallow,0.5
148,MF,Lisier,2024-04-19,52,49.368,70,bsth,2.3,8.6,cattle,18.0,12,0.0,3.5,shallow,0.5
148,MF,Lisier,2024-04-19,53,49.368,70,bsth,2.3,8.6,cattle,18.2,10,0.0,3.5,shallow,0.5
148,MF,Lisier,2024-04-19,54,49.368,70,bsth,2.3,8.6,cattle,17.4,11,0.0,3.5,shallow,0.5
148,MF,Lisier,2024-04-19,55,49.368,70,bsth,2.3,8.6,cattle,15.1,9,0.0,3.5,shallow,0.5
148,MF,Lisier,2024-04-19,56,49.368,70,bsth,2.3,8.6,cattle,13.2,6,0.0,3.5,shallow,0.5
148,MF,Lisier,2024-04-19,57,49.368,70,bsth,2.3,8.6,cattle,13.6,3,0.0,3.5,shallow,0.5
148,MF,Lisier,2024-04-19,58,49.368,70,bsth,2.3,8.6,cattle,12.6,3,0.0,3.5,shallow,0.5
148,MF,Lisier,2024-04-19,59,49.368,70,bsth,2.3,8.6,cattle,12.3,4,0.0,3.5,shallow,0.5
148,MF,Lisier,2024-04-19,60,49.368,70,bsth,2.3,8.6,cattle,10.7,5,0.0,3.5,shallow,0.5
148,MF,Lisier,2024-04-19,61,49.368,70,bsth,2.3,8.6,cattle,9.1,5,0.0,3.5,shallow,0.5
148,MF,Lisier,2024-04-19,62,49.368,70,bsth,2.3,8.6,cattle,9.0,4,0.0,3.5,shallow,0.5
148,MF,Lisier,2024-04-19,63,49.368,70,bsth,2.3,8.6,cattle,8.0,3,0.0,3.5,shallow,0.5
148,MF,Lisier,2024-04-19,64,49.368,70,bsth,2.3,8.6,cattle,6.5,2,0.0,3.5,shallow,0.5
148,MF,Lisier,2024-04-19,65,49.368,70,bsth,2.3,8.6,cattle,6.3,2,0.0,3.5,shallow,0.5
148,MF,Lisier,2024-04-19,66,49.368,70,bsth,2.3,8.6,cattle,6.0,2,0.0,3.5,shallow,0.5
148,MF,Lisier,2024-04-19,67,49.368,70,bsth,2.3,8.6,cattle,8.4,2,0.0,3.5,shallow,0.5
148,MF,Lisier,2024-04-19,68,49.368,70,bsth,2.3,8.6,cattle,10.7,4,0.0,3.5,shallow,0.5
148,MF,Lisier,2024-04-19,69,49.368,70,bsth,2.3,8.6,cattle,13.0,6,0.0,3.5,shallow,0.5
148,MF,Lisier,2024-04-19,70,49.368,70,bsth,2.3,8.6,cattle,14.6,6,0.0,3.5,shallow,0.5
148,MF,Lisier,2024-04-19,71,49.368,70,bsth,2.3,8.6,cattle,15.4,7,0.0,3.5,shallow,0.5
148,MF,Lisier,2024-04-19,72,49.368,70,bsth,2.3,8.6,cattle,16.1,7,0.0,3.5,shallow,0.5
148,MF,Lisier,2024-04-19,73,49.368,70,bsth,2.3,8.6,cattle,16.9,9,0.0,3.5,shallow,0.5
148,MF,Lisier,2024-04-19,74,49.368,70,bsth,2.3,8.6,cattle,17.3,8,0.0,3.5,shallow,0.5
148,MF,Lisier,2024-04-19,75,49.368,70,bsth,2.3,8.6,cattle,18.2,8,0.0,3.5,shallow,0.5
148,MF,Lisier,2024-04-19,76,49.368,70,bsth,2.3,8.6,cattle,17.8,7,0.0,3.5,shallow,0.5
148,MF,Lisier,2024-04-19,77,49.368,70,bsth,2.3,8.6,cattle,18.1,7,0.0,3.5,shallow,0.5
148,MF,Lisier,2024-04-19,78,49.368,70,bsth,2.3,8.6,cattle,17.3,8,0.0,3.5,shallow,0.5
148,MF,Lisier,2024-04-19,79,49.368,70,bsth,2.3,8.6,cattle,14.6,4,0.0,3.5,shallow,0.5
148,MF,Lisier,2024-04-19,80,49.368,70,bsth,2.3,8.6,cattle,12.8,6,0.0,3.5,shallow,0.5
148,MF,Lisier,2024-04-19,81,49.368,70,bsth,2.3,8.6,cattle,12.8,8,0.0,3.5,shallow,0.5
148,MF,Lisier,2024-04-19,82,49.368,70,bsth,2.3,8.6,cattle,11.8,6,0.0,3.5,shallow,0.5
148,MF,Lisier,2024-04-19,83,49.368,70,bsth,2.3,8.6,cattle,10.2,4,0.0,3.5,shallow,0.5
148,MF,Lisier,2024-04-19,84,49.368,70,bsth,2.3,8.6,cattle,9.6,3,0.0,3.5,shallow,0.5
148,MF,Lisier,2024-04-19,85,49.368,70,bsth,2.3,8.6,cattle,8.6,3,0.0,3.5,shallow,0.5
150,MF,Digestat liquide,2025-04-02,1,54.472,30,bsth,7.4,8.1,cattle,14.3,8,0.0,0.0,none,
150,MF,Digestat liquide,2025-04-02,2,54.472,30,bsth,7.4,8.1,cattle,15.4,8,0.0,0.0,none,
150,MF,Digestat liquide,2025-04-02,3,54.472,30,bsth,7.4,8.1,cattle,16.2,8,0.0,0.0,none,
150,MF,Digestat liquide,2025-04-02,4,54.472,30,bsth,7.4,8.1,cattle,16.3,7,0.0,0.0,none,
150,MF,Digestat liquide,2025-04-02,5,54.472,30,bsth,7.4,8.1,cattle,16.4,8,0.0,0.0,none,
150,MF,Digestat liquide,2025-04-02,6,54.472,30,bsth,7.4,8.1,cattle,16.1,9,0.0,0.0,none,
150,MF,Digestat liquide,2025-04-02,7,54.472,30,bsth,7.4,8.1,cattle,14.7,6,0.0,0.0,none,
150,MF,Digestat liquide,2025-04-02,8,54.472,30,bsth,7.4,8.1,cattle,11.6,4,0.0,0.0,none,
150,MF,Digestat liquide,2025-04-02,9,54.472,30,bsth,7.4,8.1,cattle,12.2,2,0.0,0.0,none,
150,MF,Digestat liquide,2025-04-02,10,54.472,30,bsth,7.4,8.1,cattle,11.3,2,0.0,0.0,none,
150,MF,Digestat liquide,2025-04-02,11,54.472,30,bsth,7.4,8.1,cattle,10.8,2,0.0,0.0,none,
150,MF,Digestat liquide,2025-04-02,12,54.472,30,bsth,7.4,8.1,cattle,9.2,3,0.0,0.0,none,
150,MF,Digestat liquide,2025-04-02,13,54.472,30,bsth,7.4,8.1,cattle,9.0,2,0.0,0.0,none,
150,MF,Digestat liquide,2025-04-02,14,54.472,30,bsth,7.4,8.1,cattle,8.3,3,0.0,0.0,none,
150,MF,Digestat liquide,2025-04-02,15,54.472,30,bsth,7.4,8.1,cattle,7.6,3,0.0,0.0,none,
150,MF,Digestat liquide,2025-04-02,16,54.472,30,bsth,7.4,8.1,cattle,8.8,3,0.0,0.0,none,
150,MF,Digestat liquide,2025-04-02,17,54.472,30,bsth,7.4,8.1,cattle,7.6,3,0.0,0.0,none,
150,MF,Digestat liquide,2025-04-02,18,54.472,30,bsth,7.4,8.1,cattle,7.5,2,0.0,0.0,none,
150,MF,Digestat liquide,2025-04-02,19,54.472,30,bsth,7.4,8.1,cattle,7.8,3,0.0,0.0,none,
150,MF,Digestat liquide,2025-04-02,20,54.472,30,bsth,7.4,8.1,cattle,10.7,4,0.0,0.0,none,
150,MF,Digestat liquide,2025-04-02,21,54.472,30,bsth,7.4,8.1,cattle,14.2,5,0.0,0.0,none,
150,MF,Digestat liquide,2025-04-02,22,54.472,30,bsth,7.4,8.1,cattle,15.6,7,0.0,0.0,none,
150,MF,Digestat liquide,2025-04-02,23,54.472,30,bsth,7.4,8.1,cattle,16.9,8,0.0,0.0,none,
150,MF,Digestat liquide,2025-04-02,24,54.472,30,bsth,7.4,8.1,cattle,17.9,9,0.0,0.0,none,
150,MF,Digestat liquide,2025-04-02,25,54.472,30,bsth,7.4,8.1,cattle,18.9,11,0.0,0.0,none,
150,MF,Digestat liquide,2025-04-02,26,54.472,30,bsth,7.4,8.1,cattle,19.4,10,0.0,0.0,none,
150,MF,Digestat liquide,2025-04-02,27,54.472,30,bsth,7.4,8.1,cattle,19.8,8,0.0,0.0,none,
150,MF,Digestat liquide,2025-04-02,28,54.472,30,bsth,7.4,8.1,cattle,20.9,8,0.0,0.0,none,
150,MF,Digestat liquide,2025-04-02,29,54.472,30,bsth,7.4,8.1,cattle,20.7,6,0.0,0.0,none,
150,MF,Digestat liquide,2025-04-02,30,54.472,30,bsth,7.4,8.1,cattle,19.8,6,0.0,0.0,none,
150,MF,Digestat liquide,2025-04-02,31,54.472,30,bsth,7.4,8.1,cattle,18.1,5,0.0,0.0,none,
150,MF,Digestat liquide,2025-04-02,32,54.472,30,bsth,7.4,8.1,cattle,16.1,2,0.0,0.0,none,
150,MF,Digestat liquide,2025-04-02,33,54.472,30,bsth,7.4,8.1,cattle,14.6,2,0.0,0.0,none,
150,MF,Digestat liquide,2025-04-02,34,54.472,30,bsth,7.4,8.1,cattle,14.5,2,0.0,0.0,none,
150,MF,Digestat liquide,2025-04-02,35,54.472,30,bsth,7.4,8.1,cattle,13.2,2,0.0,0.0,none,
150,MF,Digestat liquide,2025-04-02,36,54.472,30,bsth,7.4,8.1,cattle,12.3,2,0.0,0.0,none,
150,MF,Digestat liquide,2025-04-02,37,54.472,30,bsth,7.4,8.1,cattle,11.5,2,0.0,0.0,none,
150,MF,Digestat liquide,2025-04-02,38,54.472,30,bsth,7.4,8.1,cattle,11.4,3,0.0,0.0,none,
150,MF,Digestat liquide,2025-04-02,39,54.472,30,bsth,7.4,8.1,cattle,10.8,2,0.0,0.0,none,
150,MF,Digestat liquide,2025-04-02,40,54.472,30,bsth,7.4,8.1,cattle,10.1,2,0.0,0.0,none,
150,MF,Digestat liquide,2025-04-02,41,54.472,30,bsth,7.4,8.1,cattle,11.1,2,0.0,0.0,none,
150,MF,Digestat liquide,2025-04-02,42,54.472,30,bsth,7.4,8.1,cattle,11.0,2,0.0,0.0,none,
150,MF,Digestat liquide,2025-04-02,43,54.472,30,bsth,7.4,8.1,cattle,11.7,3,0.0,0.0,none,
150,MF,Digestat liquide,2025-04-02,44,54.472,30,bsth,7.4,8.1,cattle,11.9,4,0.0,0.0,none,
150,MF,Digestat liquide,2025-04-02,45,54.472,30,bsth,7.4,8.1,cattle,14.9,4,0.0,0.0,none,
150,MF,Digestat liquide,2025-04-02,46,54.472,30,bsth,7.4,8.1,cattle,17.2,4,0.0,0.0,none,
150,MF,Digestat liquide,2025-04-02,47,54.472,30,bsth,7.4,8.1,cattle,19.1,6,0.0,0.0,none,
150,MF,Digestat liquide,2025-04-02,48,54.472,30,bsth,7.4,8.1,cattle,20.6,6,0.0,0.0,none,
150,MF,Digestat liquide,2025-04-02,49,54.472,30,bsth,7.4,8.1,cattle,22.0,8,0.0,0.0,none,
150,MF,Digestat liquide,2025-04-02,50,54.472,30,bsth,7.4,8.1,cattle,22.6,8,0.0,0.0,none,
150,MF,Digestat liquide,2025-04-02,51,54.472,30,bsth,7.4,8.1,cattle,21.9,8,0.0,0.0,none,
150,MF,Digestat liquide,2025-04-02,52,54.472,30,bsth,7.4,8.1,cattle,22.2,7,0.0,0.0,none,
150,MF,Digestat liquide,2025-04-02,53,54.472,30,bsth,7.4,8.1,cattle,21.1,8,0.0,0.0,none,
150,MF,Digestat liquide,2025-04-02,54,54.472,30,bsth,7.4,8.1,cattle,20.4,6,0.0,0.0,none,
150,MF,Digestat liquide,2025-04-02,55,54.472,30,bsth,7.4,8.1,cattle,17.2,4,0.0,0.0,none,
150,MF,Digestat liquide,2025-04-02,56,54.472,30,bsth,7.4,8.1,cattle,15.2,2,0.0,0.0,none,
150,MF,Digestat liquide,2025-04-02,57,54.472,30,bsth,7.4,8.1,cattle,14.9,2,0.0,0.0,none,
150,MF,Digestat liquide,2025-04-02,58,54.472,30,bsth,7.4,8.1,cattle,15.7,2,0.0,0.0,none,
150,MF,Digestat liquide,2025-04-02,59,54.472,30,bsth,7.4,8.1,cattle,12.5,2,0.0,0.0,none,
150,MF,Digestat liquide,2025-04-02,60,54.472,30,bsth,7.4,8.1,cattle,12.1,2,0.0,0.0,none,
150,MF,Digestat liquide,2025-04-02,61,54.472,30,bsth,7.4,8.1,cattle,11.9,2,0.0,0.0,none,
150,MF,Digestat liquide,2025-04-02,62,54.472,30,bsth,7.4,8.1,cattle,11.1,2,0.0,0.0,none,
150,MF,Digestat liquide,2025-04-02,63,54.472,30,bsth,7.4,8.1,cattle,10.2,2,0.0,0.0,none,
150,MF,Digestat liquide,2025-04-02,64,54.472,30,bsth,7.4,8.1,cattle,9.9,2,0.0,0.0,none,
150,MF,Digestat liquide,2025-04-02,65,54.472,30,bsth,7.4,8.1,cattle,9.3,3,0.0,0.0,none,
150,MF,Digestat liquide,2025-04-02,66,54.472,30,bsth,7.4,8.1,cattle,9.0,3,0.0,0.0,none,
150,MF,Digestat liquide,2025-04-02,67,54.472,30,bsth,7.4,8.1,cattle,9.8,2,0.0,0.0,none,
150,MF,Digestat liquide,2025-04-02,68,54.472,30,bsth,7.4,8.1,cattle,13.1,2,0.0,0.0,none,
150,MF,Digestat liquide,2025-04-02,69,54.472,30,bsth,7.4,8.1,cattle,14.5,4,0.0,0.0,none,
150,MF,Digestat liquide,2025-04-02,70,54.472,30,bsth,7.4,8.1,cattle,16.6,6,0.0,0.0,none,
150,MF,Digestat liquide,2025-04-02,71,54.472,30,bsth,7.4,8.1,cattle,18.8,5,0.0,0.0,none,
150,MF,Digestat liquide,2025-04-02,72,54.472,30,bsth,7.4,8.1,cattle,20.5,7,0.0,0.0,none,
150,MF,Digestat liquide,2025-04-02,73,54.472,30,bsth,7.4,8.1,cattle,22.3,6,0.0,0.0,none,
150,MF,Digestat liquide,2025-04-02,74,54.472,30,bsth,7.4,8.1,cattle,23.1,6,0.0,0.0,none,
150,MF,Digestat liquide,2025-04-02,75,54.472,30,bsth,7.4,8.1,cattle,23.3,7,0.0,0.0,none,
150,MF,Digestat liquide,2025-04-02,76,54.472,30,bsth,7.4,8.1,cattle,23.5,7,0.0,0.0,none,
150,MF,Digestat liquide,2025-04-02,77,54.472,30,bsth,7.4,8.1,cattle,22.8,5,0.0,0.0,none,
150,MF,Digestat liquide,2025-04-02,78,54.472,30,bsth,7.4,8.1,cattle,21.2,4,0.0,0.0,none,
150,MF,Digestat liquide,2025-04-02,79,54.472,30,bsth,7.4,8.1,cattle,17.8,4,0.0,0.0,none,
150,MF,Digestat liquide,2025-04-02,80,54.472,30,bsth,7.4,8.1,cattle,17.5,5,0.0,0.0,none,
150,MF,Digestat liquide,2025-04-02,81,54.472,30,bsth,7.4,8.1,cattle,16.8,7,0.0,0.0,none,
150,MF,Digestat liquide,2025-04-02,82,54.472,30,bsth,7.4,8.1,cattle,16.0,7,0.0,0.0,none,
150,MF,Digestat liquide,2025-04-02,83,54.472,30,bsth,7.4,8.1,cattle,14.8,7,0.0,0.0,none,
150,MF,Digestat liquide,2025-04-02,84,54.472,30,bsth,7.4,8.1,cattle,12.3,6,0.0,0.0,none,
150,MF,Digestat liquide,2025-04-02,85,54.472,30,bsth,7.4,8.1,cattle,11.7,5,0.0,0.0,none,
151,MF,Digestat liquide,2025-07-04,1,62.693,30,bc,9.5,8.1,cattle,25.4,5,0.0,0.0,none,
151,MF,Digestat liquide,2025-07-04,2,62.693,30,bc,9.5,8.1,cattle,25.6,6,0.0,0.0,none,
151,MF,Digestat liquide,2025-07-04,3,62.693,30,bc,9.5,8.1,cattle,26.2,6,0.0,0.0,none,
151,MF,Digestat liquide,2025-07-04,4,62.693,30,bc,9.5,8.1,cattle,26.7,5,0.0,0.0,none,
151,MF,Digestat liquide,2025-07-04,5,62.693,30,bc,9.5,8.1,cattle,26.8,4,0.0,0.0,none,
151,MF,Digestat liquide,2025-07-04,6,62.693,30,bc,9.5,8.1,cattle,26.6,5,0.0,0.0,none,
151,MF,Digestat liquide,2025-07-04,7,62.693,30,bc,9.5,8.1,cattle,25.8,4,0.0,0.0,none,
151,MF,Digestat liquide,2025-07-04,8,62.693,30,bc,9.5,8.1,cattle,22.9,2,0.0,0.0,none,
151,MF,Digestat liquide,2025-07-04,9,62.693,30,bc,9.5,8.1,cattle,20.3,4,0.0,0.0,none,
151,MF,Digestat liquide,2025-07-04,10,62.693,30,bc,9.5,8.1,cattle,18.8,4,0.0,0.0,none,
151,MF,Digestat liquide,2025-07-04,11,62.693,30,bc,9.5,8.1,cattle,18.0,2,0.0,0.0,none,
151,MF,Digestat liquide,2025-07-04,12,62.693,30,bc,9.5,8.1,cattle,16.5,3,0.0,0.0,none,
151,MF,Digestat liquide,2025-07-04,13,62.693,30,bc,9.5,8.1,cattle,15.1,1,0.0,0.0,none,
151,MF,Digestat liquide,2025-07-04,14,62.693,30,bc,9.5,8.1,cattle,14.5,2,0.0,0.0,none,
151,MF,Digestat liquide,2025-07-04,15,62.693,30,bc,9.5,8.1,cattle,12.9,2,0.0,0.0,none,
151,MF,Digestat liquide,2025-07-04,16,62.693,30,bc,9.5,8.1,cattle,12.3,1,0.0,0.0,none,
151,MF,Digestat liquide,2025-07-04,17,62.693,30,bc,9.5,8.1,cattle,12.0,1,0.0,0.0,none,
151,MF,Digestat liquide,2025-07-04,18,62.693,30,bc,9.5,8.1,cattle,11.9,1,0.0,0.0,none,
151,MF,Digestat liquide,2025-07-04,19,62.693,30,bc,9.5,8.1,cattle,14.1,2,0.0,0.0,none,
151,MF,Digestat liquide,2025-07-04,20,62.693,30,bc,9.5,8.1,cattle,15.4,2,0.0,0.0,none,
151,MF,Digestat liquide,2025-07-04,21,62.693,30,bc,9.5,8.1,cattle,17.1,2,0.0,0.0,none,
151,MF,Digestat liquide,2025-07-04,22,62.693,30,bc,9.5,8.1,cattle,19.8,3,0.0,0.0,none,
151,MF,Digestat liquide,2025-07-04,23,62.693,30,bc,9.5,8.1,cattle,23.1,4,0.0,0.0,none,
151,MF,Digestat liquide,2025-07-04,24,62.693,30,bc,9.5,8.1,cattle,24.8,5,0.0,0.0,none,
151,MF,Digestat liquide,2025-07-04,25,62.693,30,bc,9.5,8.1,cattle,26.4,5,0.0,0.0,none,
151,MF,Digestat liquide,2025-07-04,26,62.693,30,bc,9.5,8.1,cattle,26.1,7,0.0,0.0,none,
151,MF,Digestat liquide,2025-07-04,27,62.693,30,bc,9.5,8.1,cattle,26.2,6,0.0,0.0,none,
151,MF,Digestat liquide,2025-07-04,28,62.693,30,bc,9.5,8.1,cattle,26.0,6,0.0,0.0,none,
151,MF,Digestat liquide,2025-07-04,29,62.693,30,bc,9.5,8.1,cattle,24.3,6,0.0,0.0,none,
151,MF,Digestat liquide,2025-07-04,30,62.693,30,bc,9.5,8.1,cattle,24.1,5,0.0,0.0,none,
151,MF,Digestat liquide,2025-07-04,31,62.693,30,bc,9.5,8.1,cattle,24.1,6,0.0,0.0,none,
151,MF,Digestat liquide,2025-07-04,32,62.693,30,bc,9.5,8.1,cattle,21.8,5,0.0,0.0,none,
151,MF,Digestat liquide,2025-07-04,33,62.693,30,bc,9.5,8.1,cattle,20.4,5,0.0,0.0,none,
151,MF,Digestat liquide,2025-07-04,34,62.693,30,bc,9.5,8.1,cattle,18.6,3,0.0,0.0,none,
151,MF,Digestat liquide,2025-07-04,35,62.693,30,bc,9.5,8.1,cattle,18.4,3,0.0,0.0,none,
151,MF,Digestat liquide,2025-07-04,36,62.693,30,bc,9.5,8.1,cattle,16.8,4,0.0,0.0,none,
151,MF,Digestat liquide,2025-07-04,37,62.693,30,bc,9.5,8.1,cattle,16.4,4,0.0,0.0,none,
151,MF,Digestat liquide,2025-07-04,38,62.693,30,bc,9.5,8.1,cattle,14.5,7,0.0,0.0,none,
151,MF,Digestat liquide,2025-07-04,39,62.693,30,bc,9.5,8.1,cattle,13.3,6,1.5,1.5,none,
151,MF,Digestat liquide,2025-07-04,40,62.693,30,bc,9.5,8.1,cattle,13.1,6,3.0,4.5,none,
151,MF,Digestat liquide,2025-07-04,41,62.693,30,bc,9.5,8.1,cattle,13.0,7,3.5,8.0,none,
151,MF,Digestat liquide,2025-07-04,42,62.693,30,bc,9.5,8.1,cattle,13.2,7,2.0,10.0,none,
151,MF,Digestat liquide,2025-07-04,43,62.693,30,bc,9.5,8.1,cattle,13.5,7,0.0,10.0,none,
151,MF,Digestat liquide,2025-07-04,44,62.693,30,bc,9.5,8.1,cattle,13.7,7,2.5,12.5,none,
151,MF,Digestat liquide,2025-07-04,45,62.693,30,bc,9.5,8.1,cattle,14.5,8,0.5,13.0,none,
151,MF,Digestat liquide,2025-07-04,46,62.693,30,bc,9.5,8.1,cattle,14.8,9,0.0,13.0,none,
151,MF,Digestat liquide,2025-07-04,47,62.693,30,bc,9.5,8.1,cattle,15.7,9,0.0,13.0,none,
151,MF,Digestat liquide,2025-07-04,48,62.693,30,bc,9.5,8.1,cattle,16.4,8,0.0,13.0,none,
151,MF,Digestat liquide,2025-07-04,49,62.693,30,bc,9.5,8.1,cattle,17.2,8,0.0,13.0,none,
151,MF,Digestat liquide,2025-07-04,50,62.693,30,bc,9.5,8.1,cattle,16.3,7,3.5,16.5,none,
151,MF,Digestat liquide,2025-07-04,51,62.693,30,bc,9.5,8.1,cattle,17.3,5,1.5,18.0,none,
151,MF,Digestat liquide,2025-07-04,52,62.693,30,bc,9.5,8.1,cattle,18.3,6,0.5,18.5,none,
151,MF,Digestat liquide,2025-07-04,53,62.693,30,bc,9.5,8.1,cattle,19.7,6,0.0,18.5,none,
151,MF,Digestat liquide,2025-07-04,54,62.693,30,bc,9.5,8.1,cattle,20.0,5,0.5,19.0,none,
151,MF,Digestat liquide,2025-07-04,55,62.693,30,bc,9.5,8.1,cattle,19.6,5,0.0,19.0,none,
151,MF,Digestat liquide,2025-07-04,56,62.693,30,bc,9.5,8.1,cattle,17.9,5,0.0,19.0,none,
151,MF,Digestat liquide,2025-07-04,57,62.693,30,bc,9.5,8.1,cattle,17.0,4,0.0,19.0,none,
151,MF,Digestat liquide,2025-07-04,58,62.693,30,bc,9.5,8.1,cattle,16.4,4,0.0,19.0,none,
151,MF,Digestat liquide,2025-07-04,59,62.693,30,bc,9.5,8.1,cattle,16.0,4,0.0,19.0,none,
151,MF,Digestat liquide,2025-07-04,60,62.693,30,bc,9.5,8.1,cattle,14.8,4,0.0,19.0,none,
151,MF,Digestat liquide,2025-07-04,61,62.693,30,bc,9.5,8.1,cattle,14.9,6,0.0,19.0,none,
151,MF,Digestat liquide,2025-07-04,62,62.693,30,bc,9.5,8.1,cattle,14.8,8,0.0,19.0,none,
151,MF,Digestat liquide,2025-07-04,63,62.693,30,bc,9.5,8.1,cattle,14.4,6,0.0,19.0,none,
151,MF,Digestat liquide,2025-07-04,64,62.693,30,bc,9.5,8.1,cattle,14.2,6,0.0,19.0,none,
151,MF,Digestat liquide,2025-07-04,65,62.693,30,bc,9.5,8.1,cattle,14.2,6,0.0,19.0,none,
151,MF,Digestat liquide,2025-07-04,66,62.693,30,bc,9.5,8.1,cattle,14.2,6,0.0,19.0,none,
151,MF,Digestat liquide,2025-07-04,67,62.693,30,bc,9.5,8.1,cattle,14.5,6,0.0,19.0,none,
151,MF,Digestat liquide,2025-07-04,68,62.693,30,bc,9.5,8.1,cattle,14.0,6,1.5,20.5,none,
151,MF,Digestat liquide,2025-07-04,69,62.693,30,bc,9.5,8.1,cattle,13.6,4,8.0,28.5,none,
151,MF,Digestat liquide,2025-07-04,70,62.693,30,bc,9.5,8.1,cattle,14.3,4,3.0,31.5,none,
151,MF,Digestat liquide,2025-07-04,71,62.693,30,bc,9.5,8.1,cattle,14.8,4,0.5,32.0,none,
151,MF,Digestat liquide,2025-07-04,72,62.693,30,bc,9.5,8.1,cattle,16.1,4,0.0,32.0,none,
151,MF,Digestat liquide,2025-07-04,73,62.693,30,bc,9.5,8.1,cattle,16.8,8,1.5,33.5,none,
151,MF,Digestat liquide,2025-07-04,74,62.693,30,bc,9.5,8.1,cattle,18.1,6,0.0,33.5,none,
151,MF,Digestat liquide,2025-07-04,75,62.693,30,bc,9.5,8.1,cattle,16.9,6,1.0,34.5,none,
151,MF,Digestat liquide,2025-07-04,76,62.693,30,bc,9.5,8.1,cattle,15.1,9,3.0,37.5,none,
151,MF,Digestat liquide,2025-07-04,77,62.693,30,bc,9.5,8.1,cattle,17.5,6,0.0,37.5,none,
151,MF,Digestat liquide,2025-07-04,78,62.693,30,bc,9.5,8.1,cattle,16.9,4,0.5,38.0,none,
151,MF,Digestat liquide,2025-07-04,79,62.693,30,bc,9.5,8.1,cattle,17.0,4,0.0,38.0,none,
151,MF,Digestat liquide,2025-07-04,80,62.693,30,bc,9.5,8.1,cattle,16.6,4,0.0,38.0,none,
151,MF,Digestat liquide,2025-07-04,81,62.693,30,bc,9.5,8.1,cattle,15.2,5,0.0,38.0,none,
151,MF,Digestat liquide,2025-07-04,82,62.693,30,bc,9.5,8.1,cattle,14.1,2,0.0,38.0,none,
151,MF,Digestat liquide,2025-07-04,83,62.693,30,bc,9.5,8.1,cattle,13.2,2,0.0,38.0,none,
151,MF,Digestat liquide,2025-07-04,84,62.693,30,bc,9.5,8.1,cattle,12.3,3,0.0,38.0,none,
151,MF,Digestat liquide,2025-07-04,85,62.693,30,bc,9.5,8.1,cattle,12.3,2,0.0,38.0,none,
